id,title,authors,year,venue,tier,script,views,viewBasis,source_url,publication_status,open_fulltext_url,fulltext_identity,media_status,figure_captions_detected,media_items,checked_at,summary_en,summary_zh,summary_ja,summary_ko
ezaki2000pen,A pen-based Japanese character input system for the blind person,"Ezaki, N. and Hikichi, T. and Kiyota, K. and Yamamoto, S.",2000,Proceedings 15th International Conference on Pattern Recognition. ICPR-2000,EN-B,ja,algorithms | interaction,joint_model_and_input_system,https://ieeexplore.ieee.org/abstract/document/902936/,restricted,,SHA-256 matched prior reading record,displayed,4,ezaki2000pen-paper-illustration | ezaki2000pen-paper-slideshow,2026-09-08,"Tablet handwriting is recognized as Japanese text; spoken candidates support selection, rewriting and editing.",平板手写识别生成日文文字，通过语音播报候选，支持选择、重写与编辑。,タブレットの手書きを日本語として認識し、音声候補で選択・書き直し・編集を支援する。,"태블릿 필기를 일본어로 인식하고 음성 후보로 선택, 다시 쓰기, 편집을 지원한다."
luk2000digital,Digital library access for chinese visually impaired,"Luk, Robert and Yeung, Daniel and Lu, Qin and Leung, Eric and Li, S. Y. and Leung, Fred",2000,Proceedings of the fifth ACM conference on Digital libraries,EN-B,zh,interaction,input_control_user_or_evaluation_evidence,https://dl.acm.org/doi/abs/10.1145/336597.336678,restricted,,SHA-256 matched prior reading record,displayed,3,luk2000digital-paper-illustration | luk2000digital-paper-slideshow,2026-09-08,"Six-key Braille codes become Chinese search queries, with character, word-prefix and sentence input.",六键盲文编码转换为中文检索式，支持单字、词前缀和句子输入。,6キーの点字符号を中国語検索式に変換し、文字・語頭・文の入力に対応する。,"6키 점자 코드를 중국어 검색어로 변환하며 글자, 단어 접두부, 문장 입력을 지원한다."
lin2006design,Design and implementation of a chorded on-screen keyboard for people with physical impairments,"Lin, Yun-Lung and Chen, Ming-Chung and Yeh, Yao-Ming and Tzeng, Wen-Jeng and Yeh, Chih-Ching",2006,Computers Helping People with Special Needs,EN-B,zh,interaction,input_control_user_or_evaluation_evidence,https://link.springer.com/chapter/10.1007/11788713_143,reachable,,SHA-256 matched prior reading record,displayed,6,lin2006design-paper-illustration | lin2006design-paper-slideshow,2026-09-08,A chorded on-screen keyboard supports Chinese phonetic and shape-code layouts; the reported copy-typing task uses English.,和弦式屏幕键盘支持中文注音及形码布局；文中报告的抄录任务使用英文。,コード式画面キーボードは中国語の表音・字形配列を備えるが、報告された転記課題は英語である。,화음식 화면 키보드는 중국어 표음·형태 배열을 지원하지만 보고된 베껴 쓰기 과제는 영어이다.
lin2008designing,Designing a scanning on-screen keyboard for people with severe motor disabilities,"Lin, Yun-Lung and Wu, Ting-Fang and Chen, Ming-Chung and Yeh, Yao-Ming and Wang, Hwa-Pey",2008,Computers Helping People with Special Needs,EN-B,zh,interaction,input_control_user_or_evaluation_evidence,https://link.springer.com/chapter/10.1007/978-3-540-70540-6_178,reachable,,SHA-256 matched prior reading record,displayed,2,lin2008designing-paper-illustration | lin2008designing-paper-slideshow,2026-09-08,A scanning keyboard includes two Chinese layouts. The language used in the experimental article is not clearly specified.,扫描式键盘包含两种中文布局，但实验所用文章的语言未明确说明。,走査式キーボードは中国語配列を2種類備える。実験文章の言語は明記されていない。,스캐닝 키보드는 중국어 배열 두 가지를 갖추지만 실험 문서의 언어는 명확하지 않다.
fu2009fast,A fast text-based communication system for handicapped aphasiacs,"Fu, Yu-Fen and Ho, Cheng-Seen",2009,2009 Fifth International Conference on Intelligent Information Hiding and Multimedia Signal Processing,EN-B,zh,algorithms | interaction,joint_model_and_input_system,https://ieeexplore.ieee.org/abstract/document/5337389/,restricted,,SHA-256 matched prior reading record,displayed,5,fu2009fast-paper-illustration | fu2009fast-paper-slideshow,2026-09-08,"Coordinate gestures select Zhuyin symbols, tones and Chinese candidates; entered text can be spoken aloud.",坐标手势用于选择注音符号、声调和汉字候选，输入的文字可通过语音朗读。,座標ジェスチャーで注音・声調・漢字候補を選択し、入力文を音声で読み上げる。,"좌표 제스처로 주음, 성조, 한자 후보를 선택하며 입력 문장을 음성으로 읽을 수 있다."
kotani2010japanese,R&D of the Japanese Input Method using an eye-controlled communication device for users with disabilities and evaluation with NIRS,"Kotani, Shinji and Watanabe, Hiromi and Komasaki, Tetsu and Ohgi, Kazuhiro and Yamamoto, Yoshihiko",2010,"2010 IEEE International Conference on Systems, Man and Cybernetics",EN-B,ja,interaction,input_control_user_or_evaluation_evidence,https://doi.org/10.1109/icsmc.2010.5641921,reachable,,SHA-256 matched prior reading record,displayed,14,kotani2010japanese-paper-illustration | kotani2010japanese-paper-slideshow,2026-09-08,Gaze operates three Japanese input layouts for kana and Kanji. NIRS measures responses during evaluation rather than controlling input.,眼动操控三种日文输入布局，输入假名和汉字；近红外测量用于评估，并非输入控制通道。,視線で3種類の日本語配列を操作する。NIRSは評価測定であり入力信号ではない。,시선으로 세 가지 일본어 배열을 조작한다. NIRS는 평가 측정이며 입력 신호가 아니다.
minett2010assistive,An assistive communication brain-computer interface for Chinese text input,"Minett, James W. and Peng, Gang and Zhou, Lin and Zheng, Hong-Ying and Wang, William S.-Y.",2010,2010 4th International Conference on Bioinformatics and Biomedical Engineering,EN-B,zh,interaction,input_control_user_or_evaluation_evidence,https://ieeexplore.ieee.org/abstract/document/5515559/,restricted,,SHA-256 matched prior reading record,displayed,6,minett2010assistive-paper-illustration | minett2010assistive-paper-slideshow,2026-09-08,"A brain interface selects traditional Chinese characters, radicals and strokes. Complete large-vocabulary entry is proposed rather than demonstrated.",脑机界面选择繁体汉字、部件和笔画；完整的大字库输入是提出的目标，尚未实际展示。,脳インタフェースで繁体字・部品・筆画を選択する。大語彙の完全な入力は構想段階である。,"뇌 인터페이스로 번체자, 부품, 획을 선택한다. 대규모 어휘의 완전한 입력은 제안 단계이다."
wang2010accurate,Accurate Braille-Chinese translation towards efficient Chinese input method for blind people,"Wang, Chao and Wang, Xiangdong and Qian, Yueliang and Lin, Shouxun",2010,5th International Conference on Pervasive Computing and Applications,EN-B,zh,algorithms | interaction,joint_model_and_input_system,https://ieeexplore.ieee.org/abstract/document/5704079/,restricted,,SHA-256 matched prior reading record,displayed,5,wang2010accurate-paper-illustration | wang2010accurate-paper-slideshow,2026-09-08,Mandarin Braille paragraphs are translated into simplified Chinese for a proposed input method for blind users.,将汉语盲文段落转换为简体中文，服务于面向盲人的输入法。,中国語点字の段落を簡体字に変換し、視覚障害者向け入力法への応用を目指す。,중국어 점자 문단을 간체자로 변환하여 시각장애인용 입력기에 활용한다.
kotani2011proficiency,Proficiency evaluation of three Japanese Input Methods using an eye-controlled communication device for users with disabilities,"Kotani, Shinji and Watanabe, Hiromi and Komasaki, Tetsu and Tanzawa, Tsutomu and Ohgi, Kazuhiro and Kenmotsu, Takahide",2011,"2011 IEEE International Conference on Systems, Man, and Cybernetics",EN-B,ja,interaction,input_control_user_or_evaluation_evidence,https://ieeexplore.ieee.org/abstract/document/6084167/,restricted,,SHA-256 matched prior reading record,displayed,13,kotani2011proficiency-paper-illustration | kotani2011proficiency-paper-slideshow,2026-09-08,Eye-controlled Japanese input is evaluated with mixed kana–Kanji passages; clinical accounts also describe names and lyrics.,通过含假名与汉字的段落评估眼控日文输入，临床使用记录还涉及姓名和歌词。,仮名漢字混じり文で視線入力を評価する。臨床利用の記録には名前や歌詞も含まれる。,가나·한자 혼합 문장으로 시선 입력을 평가하며 임상 사용 기록에는 이름과 가사도 포함된다.
wu2012text,Text entry competency for students with learning disabilities in grade 5 to 6,"Wu, Ting-Fang and Chen, Ming-Chung",2012,Computers Helping People with Special Needs,EN-B,zh,interaction,input_control_user_or_evaluation_evidence,https://link.springer.com/chapter/10.1007/978-3-642-31534-3_71,reachable,,SHA-256 matched prior reading record,displayed,2,wu2012text-paper-illustration | wu2012text-paper-slideshow,2026-09-08,Students with learning disabilities enter traditional Chinese by assembling Zhuyin phonetic symbols.,有学习障碍的学生通过组合注音符号输入繁体中文。,学習障害のある児童が注音記号を組み合わせて繁体字を入力する。,학습장애가 있는 학생이 주음 기호를 조합하여 번체자를 입력한다.
hamano2013usability,Usability evaluation of text input methods for smartphone among the elderly,"Hamano, Yuichiro and Nishiuchi, Nobuyuki",2013,2013 International Conference on Biometrics and Kansei Engineering,EN-B,ja,interaction,input_control_user_or_evaluation_evidence,https://ieeexplore.ieee.org/abstract/document/6603516/,restricted,,SHA-256 matched prior reading record,displayed,7,hamano2013usability-paper-illustration | hamano2013usability-paper-slideshow,2026-09-08,Older adults use smartphone methods for Japanese kana or English entry; Kanji conversion is not evaluated.,老年用户使用智能手机输入日文假名或英文，研究未评估汉字转换。,高齢者によるスマートフォンの仮名・英語入力を評価する。漢字変換は評価していない。,고령자의 스마트폰 가나·영어 입력을 평가하며 한자 변환은 평가하지 않는다.
miura2014usage,Usage situation changes of touchscreen computers in Japanese visually impaired people: Questionnaire surveys in 2011-2013,"Miura, Takahiro and Sakajiri, Masatsugu and Matsuzaka, Haruo and Eljailani, Murtada and Kudo, Kazuki and Kitamura, Naoya and Onishi, Junji and Ono, Tsukasa",2014,Computers Helping People with Special Needs,EN-B,ja,interaction,input_control_user_or_evaluation_evidence,https://link.springer.com/chapter/10.1007/978-3-319-08596-8_56,reachable,,SHA-256 matched prior reading record,displayed,3,miura2014usage-paper-illustration | miura2014usage-paper-slideshow,2026-09-08,"Questionnaires document touchscreen text entry among visually impaired Japanese users, including keyboards and speech input.",问卷记录日本视障用户的触屏文字输入情况，包括屏幕键盘、实体键盘与语音输入。,質問紙で日本の視覚障害者のタッチ画面入力を調べ、キーボードと音声入力の利用を記録する。,설문으로 일본 시각장애인의 터치 화면 입력을 조사하고 키보드와 음성 입력 사용을 기록한다.
shoji2014japanese,R&D of the Japanese input method using life log on an eye-controlled communication device for users with disabilities,"Shoji, K.",2014,Phycs 2014 Proceedings of the International Conference on Physiological Computing Systems,EN-B,ja,interaction,input_control_user_or_evaluation_evidence,https://doi.org/10.5220/0004681202070213,reachable,,SHA-256 matched prior reading record,displayed,11,shoji2014japanese-paper-illustration | shoji2014japanese-paper-slideshow,2026-09-08,Life-log information is proposed for prediction in gaze-based Japanese entry; prediction experiments use examples and simulated priorities.,利用生活日志辅助眼控日文输入的预测，预测实验采用示例及模拟优先级。,生活ログを視線入力の予測に利用する。予測実験には例文と模擬優先順位を用いる。,생활 로그를 시선 입력 예측에 활용하며 예측 실험은 예문과 모의 우선순위를 사용한다.
zhou2014older,Older adults' text entry on smartphones and tablets: investigating effects of display size and input method on acceptance and performance,"Zhou, Jia and Rau, Pei-Luen Patrick and Salvendy, Gavriel",2014,International Journal of Human-Computer Interaction,EN-A,zh,interaction,input_control_user_or_evaluation_evidence,https://www.tandfonline.com/doi/abs/10.1080/10447318.2014.924348,restricted,,SHA-256 matched prior reading record,displayed,6,zhou2014older-paper-illustration | zhou2014older-paper-slideshow,2026-09-08,"Older adults enter Chinese messages on phones and tablets; the study examines device size, input method and task completion.",老年用户在手机和平板上输入中文信息，研究考察设备尺寸、输入方式与任务完成情况。,高齢者の中国語メッセージ入力について、端末サイズ・入力方法・課題完了を調べる。,"고령자의 중국어 메시지 입력에서 기기 크기, 입력 방식, 과제 수행을 조사한다."
lin2015designs,The designs and applications of a scanning interface with electrical signal detection on the scalp for the severely disabled,"Lin, Chern-Sheng and Lin, Jung-Chih and Huang, Yen-Chen and Lai, Yu-Chen and Chang, Hsing-Cheng",2015,Computer Methods and Programs in Biomedicine,EN-B,zh,interaction,input_control_user_or_evaluation_evidence,https://www.sciencedirect.com/science/article/pii/S0169260715001960,restricted,,SHA-256 matched prior reading record,displayed,6,lin2015designs-paper-illustration | lin2015designs-paper-slideshow,2026-09-08,Scalp electrical signals control scanning selection of Zhuyin symbols. The reported output is phonetic symbols rather than selected Han characters.,头皮电信号控制扫描选择注音符号；报告的输出为注音符号，尚非经候选选择后的汉字。,頭皮電気信号で注音記号を走査選択する。出力は選択済み漢字ではなく表音記号である。,두피 전기 신호로 주음 기호를 스캐닝 선택한다. 출력은 선택된 한자가 아닌 표음 기호이다.
tang2015touch,IT-based touch panel cognition and development for the visually impaired: an experimental study in Taiwan,"Tang, J.",2015,"Cognition, Technology & Work",EN-B,zh,interaction,input_control_user_or_evaluation_evidence,https://link.springer.com/article/10.1007/s10111-015-0336-0,reachable,,SHA-256 matched prior reading record,displayed,3,tang2015touch-6m5KuF5MIbY | tang2015touch-6hGR3kh7HGw | tang2015touch-paper-illustration | tang2015touch-paper-slideshow,2026-09-08,"Six-dot touchscreen Braille is matched to Chinese phonetic symbols and words for messaging, with audio confirmation and editing controls.",触屏六点盲文匹配中文注音符号与词语，用于短信输入，并提供语音确认和编辑功能。,画面上の6点点字を中国語の音や語に対応させ、音声確認と編集を備えたメッセージ入力に使う。,화면의 6점 점자를 중국어 음과 단어에 대응시켜 음성 확인 및 편집 기능이 있는 메시지 입력에 사용한다.
wang2015preliminary,A preliminary study on instructional design of Chinese input method for blind students,"Wang, Jan-Li and Weng, Teng-Hua and Hwang, Sheue-Ling and Huang, Cin-Wei and Young, Shwu-Ching",2015,Journal of Computers in Education,EN-B,zh,interaction,input_control_user_or_evaluation_evidence,https://link.springer.com/article/10.1007/s40692-015-0028-z,reachable,,SHA-256 matched prior reading record,displayed,1,wang2015preliminary-paper-illustration | wang2015preliminary-paper-slideshow,2026-09-08,Instruction combines screen-reader feedback and tactile character structure to teach Chinese phonetic and shape-based input methods.,教学结合屏幕朗读反馈和可触摸的汉字结构，帮助学习中文注音及形码输入法。,読み上げと触覚的な文字構造教材で、中国語の表音・字形入力を教える。,화면 읽기와 촉각 문자 구조 교재로 중국어 표음·형태 입력을 가르친다.
xie2017attitude,The attitude of senior adults to text entry of chinese characters on the mobile devices,"Xie, Bingjun and Zhou, Jia and Chen, Zhe",2017,2017 5th International Conference on Enterprise Systems (ES),EN-B,zh,interaction,input_control_user_or_evaluation_evidence,https://ieeexplore.ieee.org/abstract/document/8119393/,restricted,,SHA-256 matched prior reading record,displayed,0,xie2017attitude-paper-illustration | xie2017attitude-paper-slideshow,2026-09-08,"Older adults use their preferred keyboard, handwriting or speech methods for mixed-content Chinese messages; difficulties include rewriting and switching.",老年用户以习惯的键盘、手写或语音方式输入含多种字符的中文消息，研究记录重写与切换等困难。,高齢者が普段のキーボード・手書き・音声で中国語を入力し、書き直しや切替の困難を調べる。,"고령자가 익숙한 키보드, 필기, 음성으로 중국어를 입력하며 다시 쓰기와 전환의 어려움을 조사한다."
jabeen2018sak,C-SAK: Chinese Scanning Ambiguous Keyboard for Parkinson's Disease Patients,"Jabeen, Farzana and Tao, Linmi and Wang, Xinyue and Mei, Shanshan",2018,"2018 IEEE 16th Intl Conf on Dependable, Autonomic and Secure Computing, 16th Intl Conf on Pervasive Intelligence and Computing, 4th Intl Conf on Big Data Intelligence and Computing and Cyber Science and Technology Congress(DASC/PiCom/DataCom/CyberSciTech)",EN-B,zh,interaction,input_control_user_or_evaluation_evidence,https://ieeexplore.ieee.org/abstract/document/8511979/,restricted,,SHA-256 matched prior reading record,displayed,7,jabeen2018sak-paper-illustration | jabeen2018sak-paper-slideshow,2026-09-08,"A scanning interface moves from consonants and syllables to Chinese candidates, with association, deletion and speech playback.",扫描界面依次选择声母、音节和汉字候选，并提供联想、删除与语音播放。,走査で子音・音節・漢字候補を順に選び、連想・削除・読み上げを利用する。,"스캐닝으로 자음, 음절, 한자 후보를 순서대로 선택하며 연상, 삭제, 읽기를 지원한다."
jabeen2019modeling,Modeling Chinese Input Interaction for Patients with Cloud Based Learning,"Jabeen, Farzana and Tao, Linmi and Lin, Tong and Mei, Shanshan",2019,"2019 IEEE SmartWorld, Ubiquitous Intelligence & Computing, Advanced & Trusted Computing, Scalable Computing & Communications, Cloud & Big Data Computing, Internet of People and Smart City Innovation (SmartWorld/SCALCOM/UIC/ATC/CBDCom/IOP/SCI)",EN-B,zh,interaction,input_control_user_or_evaluation_evidence,https://ieeexplore.ieee.org/abstract/document/9060262/,restricted,,SHA-256 matched prior reading record,displayed,12,jabeen2019modeling-paper-illustration | jabeen2019modeling-paper-slideshow,2026-09-08,Initial and syllable selection produces Chinese candidates; a character language model ranks replacements within sentences.,通过声母和音节选择生成汉字候选，字符语言模型对句中的替换候选进行排序。,声母・音節から漢字候補を生成し、文字言語モデルで文中の置換候補を順位付けする。,성모와 음절로 한자 후보를 생성하고 문자 언어 모델로 문장 내 대체 후보를 정렬한다.
liao2019enabling,Enabling Visually Impaired Peoples' Chinese Typing & Searching Skills: 2nd Year Results in the Longitudinal Study,"Liao, Yu-Hsien and Young, Shelley Shwu-Ching and Wang, Jian-Li",2019,2019 8th International Congress on Advanced Applied Informatics (IIAI-AAI),EN-B,zh,interaction,input_control_user_or_evaluation_evidence,https://ieeexplore.ieee.org/abstract/document/8992799/,restricted,,SHA-256 matched prior reading record,displayed,0,liao2019enabling-paper-illustration | liao2019enabling-paper-slideshow,2026-09-08,"A longitudinal teaching study uses screen-reader support for Chinese keyboard typing and information search, including Zhuyin and Boshiamy methods.",纵向教学研究利用屏幕朗读支持中文键盘输入与信息检索，涉及注音和嘸蝦米输入法。,縦断的な教育研究で、読み上げを使った注音・嘸蝦米入力と情報検索を支援する。,종단 교육 연구에서 화면 읽기를 활용한 주음·Boshiamy 입력과 정보 검색을 지원한다.
lv2019brain,A Brain-Controlled Chinese Pinyin Input Platform,"Lv, Zhilei and Guo, Hong and Huang, Zhihua",2019,2019 12th International Congress on …,EN-B,zh,interaction,input_control_user_or_evaluation_evidence,https://ieeexplore.ieee.org/abstract/document/8965909/,restricted,,SHA-256 matched prior reading record,displayed,9,lv2019brain-paper-illustration | lv2019brain-paper-slideshow,2026-09-08,"A brain-controlled Pinyin interface selects initials, finals, tones and Han candidates across successive displays.",脑控拼音界面在连续界面中选择声母、韵母、声调和汉字候选。,脳制御の拼音画面で声母・韻母・声調・漢字候補を段階的に選択する。,"뇌 제어 병음 화면에서 성모, 운모, 성조, 한자 후보를 단계적으로 선택한다."
shi2019vipboard,Vipboard: Improving screen-reader keyboard for visually impaired people with character-level auto correction,"Shi, Weinan and Yu, Chun and Fan, Shuyi and Wang, Feng and Wang, Tong and Yi, Xin and Bi, Xiaojun and Shi, Yuanchun",2019,Proceedings of the 2019 CHI Conference on Human Factors in Computing Systems,EN-A,zh,algorithms | interaction,joint_model_and_input_system,https://dl.acm.org/doi/abs/10.1145/3290605.3300747,restricted,,SHA-256 matched prior reading record,displayed,12,shi2019vipboard-paper-illustration | shi2019vipboard-paper-slideshow,2026-09-08,Vipboard corrects Pinyin entry before Chinese conversion and supports candidate gestures. Its reported speed excludes Han-candidate selection time.,Vipboard 在中文转换前纠正拼音输入，并支持候选操作手势；其报告速度不包含汉字候选选择时间。,拼音修正後に漢字変換し、候補をジェスチャー操作する。報告速度には漢字選択時間を含まない。,병음 수정 후 한자로 변환하고 제스처로 후보를 조작한다. 보고 속도에는 한자 선택 시간이 포함되지 않는다.
yu2019asynchronous,An asynchronous hybrid spelling approach based on EEG–EOG signals for Chinese character input,"Yu, Yang and Liu, Yadong and Yin, Erwei and Jiang, Jun and Zhou, Zongtan and Hu, Dewen",2019,IEEE Transactions on Neural Systems and Rehabilitation Engineering,EN-B,zh,algorithms | interaction,joint_model_and_input_system,https://ieeexplore.ieee.org/abstract/document/8708258/,restricted,,SHA-256 matched prior reading record,displayed,3,yu2019asynchronous-paper-illustration | yu2019asynchronous-figure-slideshow,2026-09-08,"EEG spelling is activated by triple blinks, while double blinks select predicted Chinese characters.",三次眨眼激活脑电拼写，双次眨眼用于选择预测汉字。,3回の瞬目でEEG綴り入力を起動し、2回の瞬目で予測漢字を選択する。,세 번 눈을 깜박여 EEG 철자 입력을 시작하고 두 번 깜박여 예측 한자를 선택한다.
han2020write,'Write'but not 'spell'Chinese characters with a BCI-controlled robot,"Han, Jin and Xu, Minpeng and Wang, Yijun and Tang, Jiabei and Liu, Miao and An, Xingwei and Jung, Tzyy-Ping and Ming, Dong",2020,2020 42nd Annual International Conference of the IEEE Engineering in Medicine & Biology Society (EMBC),EN-B,zh,interaction,input_control_user_or_evaluation_evidence,https://ieeexplore.ieee.org/abstract/document/9175275/,restricted,,SHA-256 matched prior reading record,displayed,5,han2020write-video | han2020write-paper-illustration | han2020write-paper-slideshow,2026-09-08,"Brain-controlled coordinate selections guide a robot to draw the strokes of 福. The output is a physical glyph, not editable encoded text.",脑控坐标选择引导机器人绘制“福”的笔画；输出是物理字形，并非可编辑的编码文字。,脳制御で座標を選び、ロボットが福の筆画を描く。出力は編集可能な文字コードではなく物理的字形である。,뇌 제어로 좌표를 선택해 로봇이 福의 획을 그린다. 출력은 편집 가능한 문자 코드가 아닌 물리적 글자 형태이다.
wang2020effects,Effects of text input methods on performance in operating handheld devices between young and elderly users,"Wang, An-Hsiang and Lin, Hsin-Yu and Xiao, Sheng-He",2020,Displays,EN-B,zh,interaction,input_control_user_or_evaluation_evidence,https://www.sciencedirect.com/science/article/pii/S0141938220300512,restricted,,SHA-256 matched prior reading record,displayed,4,wang2020effects-paper-illustration | wang2020effects-paper-slideshow,2026-09-08,"Younger and older users enter traditional Chinese on handheld devices using Zhuyin or handwriting, under timed task conditions.",年轻和年长用户在限时任务中，通过注音或手写在手持设备上输入繁体中文。,若年者と高齢者が制限時間内に携帯端末で注音または手書きによる繁体字入力を行う。,젊은 사용자와 고령자가 제한 시간 안에 휴대 기기에서 주음 또는 필기로 번체자를 입력한다.
sun2022design,The design of electronic braille system based on weighted viterbi algorithm,"Sun, Binghe and Luo, Wencong and Zhao, Lei and Zhao, Yuxuan and Jiang, Beiyan",2022,2022 18th International Conference on Computational Intelligence and Security (CIS),EN-B,zh,interaction,input_control_user_or_evaluation_evidence,https://ieeexplore.ieee.org/abstract/document/10091300/,restricted,,SHA-256 matched prior reading record,displayed,0,sun2022design-paper-illustration | sun2022design-paper-slideshow,2026-09-08,"Six Braille keys are stored as Unicode Braille, mapped through Pinyin and converted to Chinese text for the clipboard.",六键盲文先存储为 Unicode 盲文符号，经拼音映射转换为中文，再输出到剪贴板。,6キー点字をUnicode点字として保存し、拼音を介して漢字に変換してクリップボードへ送る。,6키 점자를 유니코드 점자로 저장하고 병음을 거쳐 한자로 변환하여 클립보드에 보낸다.
weng2022establishment,The Establishment and Evaluation of a Multi-Learning System to Assist the Congenitally Blind to Use the Boshiamy Method to Input Chinese Characters,"Weng, Teng-Hua and Hwang, Sheue-Ling and Wang, Jan-Li",2014,Applied Human Factors and Ergonomics International,EN-B,zh,interaction,input_control_user_or_evaluation_evidence,https://doi.org/10.54941/ahfe1001338,reachable,,SHA-256 matched prior reading record,displayed,1,weng2022establishment-paper-illustration | weng2022establishment-paper-slideshow,2026-09-08,Audio descriptions and structured learning materials teach congenitally blind learners to enter traditional Chinese using Boshiamy shape codes.,通过语音描述及结构化教材，教授先天盲人以嘸蝦米形码输入繁体中文。,音声説明と構造化教材で、先天盲の学習者に嘸蝦米の字形符号による繁体字入力を教える。,음성 설명과 체계적인 교재로 선천성 시각장애 학습자에게 Boshiamy 형태 코드를 이용한 번체자 입력을 가르친다.
young2023enabling,Enabling Visually Impaired People's Chinese Literacy learning through Information Technology,"YOUNG, Shelley Shwu-Ching and WANG, Jen-Li",2023,International Conference on Computers in Education,EN-B,zh,interaction,input_control_user_or_evaluation_evidence,https://library.apsce.net/index.php/ICCE/article/view/1071,reachable,,SHA-256 matched prior reading record,displayed,0,young2023enabling-paper-illustration | young2023enabling-paper-slideshow,2026-09-08,Screen-reader-supported Chinese typing and web search are used in literacy learning; this report does not specify the underlying input method.,研究将屏幕朗读支持的中文输入与网页检索用于识字学习；本篇未明确所用输入法。,読み上げ支援の中国語入力と検索を識字学習に使う。具体的な入力法は本報告では明示されない。,화면 읽기 지원 중국어 입력과 검색을 문자 학습에 활용한다. 구체적 입력법은 이 보고서에 명시되지 않는다.
chen2024handwriting,Handwriting on touch screens through fingers and stylus: Investigating the optimal size of the input box for younger and older adults,"Chen, Zhe and Yun, Dongjie and Zhou, Jia",2024,International Journal of Human–Computer Interaction,EN-A,zh,interaction,input_control_user_or_evaluation_evidence,https://www.tandfonline.com/doi/abs/10.1080/10447318.2023.2192107,restricted,,SHA-256 matched prior reading record,displayed,0,chen2024handwriting-paper-illustration | chen2024handwriting-paper-slideshow,2026-09-08,Finger and stylus handwriting are compared across input-box sizes. The evaluated task is single-character recognition and rewriting.,比较不同输入框尺寸下的手指与触笔手写，评估任务为单字识别及重写。,入力枠の大きさ別に指とペンを比較する。課題は単字認識と書き直しである。,입력 칸 크기에 따라 손가락과 펜을 비교하며 과제는 단일 문자 인식과 다시 쓰기이다.
nonoka2024study,Study on Wearable Gaze-Based Communication System for Patients with Amyotrophic Lateral Sclerosis (ALS),"Nonoka, Sawada and Uehara, Akira and Kawamoto, Hiroaki and Sankai, Yoshiyuki",2024,2024 IEEE/SICE International Symposium on System Integration (SII),EN-B,ja,interaction,input_control_user_or_evaluation_evidence,https://doi.org/10.1109/sii58957.2024.10417526,reachable,,SHA-256 matched prior reading record,displayed,11,nonoka2024study-paper-illustration | nonoka2024study-paper-slideshow,2026-09-08,"Wearable gaze control selects Japanese consonant and vowel groups, with kana modifiers, deletion and spoken feedback.",可穿戴眼控系统选择日文辅音与元音组，并提供假名修饰、删除及语音反馈。,装着型視線装置で子音・母音群を選び、仮名修飾・削除・音声確認を行う。,"착용형 시선 장치로 자음·모음군을 선택하고 가나 변형, 삭제, 음성 확인을 수행한다."
ahn2025rectus,Rectus Femoris and Gastrocnemius EMG Driven Cheonjiin Speller for Korean Text Input,"Ahn, Ji Won and Yu, Gi Yeon and Kim, Seong-Wan and Seok, Young-Seek and Choi, Seung Ho",2025,Sensors,EN-B,ko,interaction,input_control_user_or_evaluation_evidence,https://www.mdpi.com/1424-8220/25/23/7243,restricted,,SHA-256 matched prior reading record,displayed,11,ahn2025rectus-paper-illustration | ahn2025rectus-figure-slideshow,2026-09-08,Leg-muscle EMG triggers cursor and selection commands on a Cheonjiin keyboard to compose Hangul syllables.,腿部肌电触发 Cheonjiin 键盘的光标与选择命令，用于组合 Hangul 音节。,脚の筋電でCheonjiinのカーソルと選択を操作し、Hangul音節を組み立てる。,다리 근전도로 천지인 키보드의 커서와 선택을 제어하여 한글 음절을 조합한다.
liu2025influence,The Influence of Input Method and Chinese Character Complexity on the Elderly Using Smartphones to Input Information–A Study from China,"Liu, Yixuan and Wu, Jinchun and Wang, Xiaoyu and Pan, Chen and Chen, Zihe and Xue, Chengqi",2025,International Journal of Human–Computer Interaction,EN-A,zh,interaction,input_control_user_or_evaluation_evidence,https://www.tandfonline.com/doi/abs/10.1080/10447318.2023.2301261,restricted,,SHA-256 matched prior reading record,displayed,10,liu2025influence-paper-illustration | liu2025influence-paper-slideshow,2026-09-08,"Older adults enter Chinese strings using Pinyin keyboards or handwriting; character complexity and method are examined through time, accuracy and deletion.",老年用户通过拼音键盘或手写输入中文字符串，研究以时间、准确率及删除操作考察字形复杂度与输入方式。,高齢者の拼音・手書き入力で、漢字の複雑さと入力法を時間・正確さ・削除から調べる。,"고령자의 병음·필기 입력에서 한자 복잡도와 입력법을 시간, 정확도, 삭제 횟수로 조사한다."
fukushima2000online,Online writing-box-free recognition of handwritten Japanese text considering character size variations,"Fukushima, T. and Nakagawa, M.",2000,Proceedings 15th International Conference on Pattern Recognition. ICPR-2000,EN-B,ja,algorithms,conversion_recognition_data_or_infrastructure,https://ieeexplore.ieee.org/abstract/document/906087/,restricted,,SHA-256 matched prior reading record,displayed,10,fukushima2000online-paper-illustration | fukushima2000online-paper-slideshow,2026-09-08,"Continuous handwritten Japanese is jointly segmented and recognized using shape, character size and contextual likelihoods in a candidate lattice.",通过候选词格，联合利用字形、字符尺寸和上下文概率，对连续日文手写进行分割与识别。,候補格子で字形・大きさ・文脈確率を組み合わせ、連続日本語手書きを同時に分割・認識する。,"후보 격자에서 형태, 크기, 문맥 확률을 결합하여 연속 일본어 필기를 동시에 분할·인식한다."
ichimura2000kana,Kana-kanji conversion system with input support based on prediction,"Ichimura, Y. and Saito, Y. and Kimura, K. and others",2000,COLING 2000 Volume 1 …,EN-A,ja,algorithms,conversion_recognition_data_or_infrastructure,https://aclanthology.org/C00-1050/,reachable,https://aclanthology.org/C00-1050.pdf,SHA-256 matched prior reading record,displayed,0,ichimura2000kana-paper-illustration | ichimura2000kana-paper-slideshow,2026-09-08,Partial kana input predicts Kanji strings; accepted phrases are learned into a prioritized personal dictionary.,依据部分假名预测汉字字符串，并将用户接受的短语学习到优先使用的个人词典中。,部分的な仮名から漢字列を予測し、採用語句を優先度付き個人辞書に学習する。,부분 가나로 한자열을 예측하고 채택된 구절을 우선순위가 있는 개인 사전에 학습한다.
tokuno2002context,Context-dependent substroke model for HMM-based on-line handwriting recognition,"Tokuno, J. and Inami, N. and Matsuda, S. and Nakai, M. and others",2002,… in Handwriting …,EN-B,ja,algorithms,conversion_recognition_data_or_infrastructure,https://ieeexplore.ieee.org/abstract/document/1030888/,restricted,,SHA-256 matched prior reading record,displayed,9,tokuno2002context-paper-illustration | tokuno2002context-paper-slideshow,2026-09-08,"Handwritten Kanji trajectories are decoded using context-dependent substroke HMMs. Context refers to adjacent substrokes, not sentence meaning.",使用依赖上下文的子笔画隐马尔可夫模型解码汉字手写轨迹；上下文指相邻子笔画，并非句意。,文脈依存の部分筆画HMMで漢字軌跡を認識する。文脈は隣接筆画であり文意ではない。,문맥 의존 부분 획 HMM으로 한자 궤적을 인식한다. 문맥은 인접 획이며 문장 의미가 아니다.
ren2003candidate,Candidate Display Styles in Japanese Input.,"Ren, Xiangshi and Tamura, Kinya and Kong, Jing and Zhai, Shumin",2003,INTERACT,EN-A,ja,interaction,input_control_user_or_evaluation_evidence,https://www.researchgate.net/profile/Shumin-Zhai/publication/221054236_Candidate_Display_Styles_in_Japanese_Input/links/0c96051688d4f4cbe3000000/Candidate-Display-Styles-in-Japanese-Input.pdf,restricted,,SHA-256 matched prior reading record,displayed,2,ren2003candidate-paper-illustration | ren2003candidate-paper-slideshow,2026-09-08,"Romaji-to-Kanji input is used to compare candidate-list presentation and paging, with selection and repair timed separately.",通过罗马字转汉字任务比较候选列表呈现与翻页方式，并分别计量选择和修正时间。,ローマ字から漢字への入力で候補表示と改ページを比較し、選択と修正の時間を分けて測る。,로마자에서 한자로 입력하며 후보 표시와 페이지 이동을 비교하고 선택·수정 시간을 별도로 측정한다.
houser2004japanese,Japanese college students' typing speed on mobile devices,"Houser, C. and Thornton, P.",2004,"The 2nd IEEE International Workshop on Wireless and Mobile Technologies in Education, 2004. Proceedings.",EN-B,ja,interaction,input_control_user_or_evaluation_evidence,https://ieeexplore.ieee.org/abstract/document/1281353/,restricted,,SHA-256 matched prior reading record,displayed,5,houser2004japanese-paper-illustration | houser2004japanese-paper-slideshow,2026-09-08,Japanese entry speeds are compared across devices using equivalent Romaji keystrokes; these rates are not direct Kanji-per-minute measures.,以等效罗马字按键数比较不同设备的日文输入速度，该指标并非直接的每分钟汉字数。,等価ローマ字打鍵数で端末間の日本語速度を比較する。直接の漢字毎分指標ではない。,등가 로마자 타건 수로 기기 간 일본어 입력 속도를 비교하며 직접적인 분당 한자 수는 아니다.
huang2004statistical,A statistical model for Hangeul-Hanja conversion in terminology domain,"Huang, J.-X. and Bae, S.-M. and Choi, K.-S.",2004,Proceedings of the 3rd Sighan Workshop on Chinese Language Processing Sighan@acl 2004 Held in Cooperation with Acl 2004,EN-B,ko,algorithms,conversion_recognition_data_or_infrastructure,https://aclanthology.org/W04-1111/,reachable,https://aclanthology.org/W04-1111.pdf,SHA-256 matched prior reading record,displayed,2,huang2004statistical-figexample | huang2004statistical-paper-illustration | huang2004statistical-paper-slideshow,2026-09-08,"A statistical decoder converts Hangeul into mixed Hanja and Hangeul, jointly handling word boundaries and whether a term should be converted.",统计解码器将 Hangeul 转为 Hanja 与 Hangeul 混合文字，同时处理词界及词语是否需要转换。,統計復号でHangeulをHanja混じり文へ変換し、語境界と変換すべき語を同時に扱う。,통계 디코딩으로 한글을 한자·한글 혼합문으로 변환하며 단어 경계와 변환할 단어를 함께 처리한다.
sato2004menu,Menu-selection-based japanese input method with consonants for pen-based computers,"Sato, Daisuke and Shizuki, Buntarou and Miura, Motoki and Tanaka, Jiro",2004,Computer Human Interaction,EN-B,ja,interaction,input_control_user_or_evaluation_evidence,https://link.springer.com/chapter/10.1007/978-3-540-27795-8_40,reachable,,SHA-256 matched prior reading record,displayed,10,sato2004menu-paper-illustration | sato2004menu-paper-slideshow,2026-09-08,"Stylus menus enter consonants; optional vowels narrow Japanese candidates, while dictionaries provide completion and next-word prediction.",触笔菜单输入辅音，可补充元音缩小日文候选范围，词典支持补全及后续词预测。,ペンメニューで子音を入力し、母音の追加で候補を絞る。辞書で補完と次語予測を行う。,펜 메뉴로 자음을 입력하고 모음을 추가해 후보를 좁힌다. 사전으로 자동 완성과 다음 단어 예측을 제공한다.
komatsu2005corpus,Corpus-based predictive text input,"Komatsu, H. and Takabayashi, S. and Masui, T.",2005,"Proceedings of the 2005 International Conference on Active Media Technology, 2005. (AMT 2005).",EN-B,ja,algorithms | interaction,joint_model_and_input_system,https://ieeexplore.ieee.org/abstract/document/1505271/,restricted,,SHA-256 matched prior reading record,displayed,10,komatsu2005corpus-paper-illustration | komatsu2005corpus-paper-slideshow,2026-09-08,"Text observed in documents supplies compound-word completions, ranked using the current context and typed pronunciation prefixes.",从文档中观察到的文本提供复合词补全，并结合当前上下文及已输入的读音前缀排序。,文書から得た複合語を、現在の文脈と入力済み読みの接頭部に応じて補完候補として並べる。,문서에서 얻은 복합어를 현재 문맥과 입력한 발음 접두부에 따라 자동 완성 후보로 정렬한다.
araki2006evaluation,An Evaluation of the Method to Detect Erroneous Sentences of “kana-to-kanji” conversion,"Araki, Tetsuo and Nozawa, Takamasa and Minobe, Miyako and Ogoshi, Yasuhiro",2006,Proceedings of the 3rd International Symposium on Autonomous Minirobots for Research and Edutainment (AMiRE 2005),EN-B,ja,algorithms,conversion_recognition_data_or_infrastructure,https://link.springer.com/chapter/10.1007/3-540-29344-2_54,network_error,,SHA-256 matched prior reading record,displayed,4,araki2006evaluation-paper-illustration | araki2006evaluation-paper-slideshow,2026-09-08,Kana–Kanji candidates are checked by converting them back to spoken readings; semantic patterns are also used to detect homonym errors.,将假名转汉字候选还原为语音读音进行核查，并使用语义模式检测同音词转换错误。,変換候補を音声の読みに戻して検査し、意味パターンでも同音語の誤変換を検出する。,변환 후보를 음성 발음으로 되돌려 검사하고 의미 패턴으로도 동음어 오변환을 감지한다.
araki2006evaluationb,An Evaluation of the Methods to Convert Non-segmented “kana” Strings to “kanji-kana” Strings Using Markov Chain Models,"Araki, Tetsuo and Kurano, Masaki and Furukawa, Yasuo and Yamada, Kazuyoshi and Ogoshi, Yasuhiro",2006,Proceedings of the 3rd International Symposium on Autonomous Minirobots for Research and Edutainment (AMiRE 2005),EN-B,ja,algorithms,conversion_recognition_data_or_infrastructure,https://link.springer.com/chapter/10.1007/3-540-29344-2_53,reachable,,SHA-256 matched prior reading record,displayed,4,araki2006evaluationb-paper-illustration | araki2006evaluationb-paper-slideshow,2026-09-08,Markov models segment unspaced kana and generate mixed Kanji–kana candidates; word boundaries and conversion correctness are evaluated.,马尔可夫模型分割无空格假名并生成汉字与假名混合候选，评估词界与转换正确性。,マルコフモデルで未分割の仮名を区切り、仮名漢字候補を生成して境界と正しさを評価する。,마르코프 모델로 분할되지 않은 가나를 나누고 가나·한자 후보를 생성해 경계와 정확성을 평가한다.
doo2006korean,The Korean twiddler: one-handed chording text entry for Korean mobile phones,"Doo, M. and Lyons, K. and Starner, T.",2006,CHI'06 Extended Abstracts on Human …,EN-A,ko,interaction,input_control_user_or_evaluation_evidence,https://dl.acm.org/doi/abs/10.1145/1125451.1125596,network_error,,SHA-256 matched prior reading record,displayed,14,doo2006korean-paper-illustration | doo2006korean-paper-slideshow,2026-09-08,"One-handed chording selects Hangul initials, vowels and final consonants through a syllable-structured key mapping.",单手和弦按键依据音节结构映射，选择 Hangul 声母、元音和韵尾。,片手のコード打鍵で、音節構造に沿ってHangulの初声・母音・終声を選ぶ。,"한 손 화음 타건으로 음절 구조에 따라 한글 초성, 모음, 종성을 선택한다."
itoh2006comparative,A comparative usability study of two Japanese gaze typing systems,"Itoh, K. and Aoki, H. and Hansen, J. P.",2006,Proceedings of the 2006 symposium on Eye …,EN-A,ja,interaction,input_control_user_or_evaluation_evidence,https://dl.acm.org/doi/abs/10.1145/1117309.1117344,restricted,,SHA-256 matched prior reading record,displayed,6,itoh2006comparative-paper-illustration | itoh2006comparative-paper-slideshow,2026-09-08,Two gaze interfaces are compared on hiragana communication phrases. The experiment does not evaluate kana–Kanji conversion.,以平假名交流短语比较两种眼控界面，实验不涉及假名转汉字的评估。,ひらがな通信文で2種類の視線入力を比較する。仮名漢字変換は評価していない。,히라가나 의사소통 문장으로 두 시선 입력 방식을 비교하며 가나·한자 변환은 평가하지 않는다.
ota2007online,Online handwritten kanji recognition based on inter-stroke grammar,"Ota, I. and Yamamoto, R. and Sako, S. and Sagayama, S.",2007,Ninth International Conference on Document Analysis and Recognition (ICDAR 2007) Vol 2,EN-B,ja,algorithms,conversion_recognition_data_or_infrastructure,https://ieeexplore.ieee.org/abstract/document/4377103/,restricted,,SHA-256 matched prior reading record,displayed,5,ota2007online-paper-illustration | ota2007online-paper-slideshow,2026-09-08,An inter-stroke grammar recognizes isolated Kanji trajectories and accommodates alternate stroke orders.,笔画间语法识别单个汉字的手写轨迹，并支持不同笔顺。,筆画間文法で単独漢字の軌跡を認識し、異なる筆順にも対応する。,획 사이 문법으로 단일 한자 궤적을 인식하며 다른 획순도 지원한다.
sakurada2007japanese,A japanese text input interface using on-line writing-box-free handwriting recognition and Kana-to-Kanji conversion,"Sakurada, Takeshi and Hagiwara, Yoichi and Oda, Hideto and Nakagawa, Masaki",2007,"Human Interface and the Management of Information. Methods, Techniques and Tools in Information Design",EN-B,ja,interaction,input_control_user_or_evaluation_evidence,https://link.springer.com/chapter/10.1007/978-3-540-73345-4_106,reachable,,SHA-256 matched prior reading record,displayed,12,sakurada2007japanese-paper-illustration | sakurada2007japanese-paper-slideshow,2026-09-08,"Free-form ink can be segmented, merged and recognized on demand; users then select handwriting or kana–Kanji conversion candidates.",自由手写墨迹可按需分割、合并及识别，用户随后选择手写识别或假名转汉字候选。,自由筆記を必要時に分割・結合・認識し、手書き認識または仮名漢字変換の候補を選ぶ。,자유 필기를 필요할 때 분할·병합·인식하고 필기 인식 또는 가나·한자 변환 후보를 선택한다.
sano2007recognition,Recognition of Hand Writing Japanese Character,"Sano, Tetsuya and Ukida, Hiroyuki and Yamamoto, Hideki",2007,2007 4th IEEE Workshop on Intelligent Data Acquisition and Advanced Computing Systems: Technology and Applications,EN-B,ja,algorithms,conversion_recognition_data_or_infrastructure,https://ieeexplore.ieee.org/abstract/document/4488447/,restricted,,SHA-256 matched prior reading record,displayed,15,sano2007recognition-paper-illustration | sano2007recognition-paper-slideshow,2026-09-08,"Online brush trajectories are matched against hiragana templates, illustrated with recognition of あ.",在线毛笔轨迹与平假名模板匹配，文中以识别“あ”为例。,オンラインの筆軌跡をひらがなテンプレートと照合し、あの認識を例示する。,온라인 붓 궤적을 히라가나 템플릿과 대조하며 あ 인식을 예시로 제시한다.
tonouchi2007text,Text input system using online overlapped handwriting recognition for mobile devices,"Tonouchi, Y. and Kawamura, A.",2007,… Analysis and Recognition,EN-B,ja,interaction,input_control_user_or_evaluation_evidence,https://ieeexplore.ieee.org/abstract/document/4377016/,restricted,,SHA-256 matched prior reading record,displayed,10,tonouchi2007text-paper-illustration | tonouchi2007text-paper-slideshow,2026-09-08,"Overlapping hiragana handwriting is recognized stroke by stroke, with gestures for deletion, kana–Kanji conversion and commitment.",重叠书写的平假名按笔画识别，并用手势执行删除、假名转汉字和提交。,重ね書きのひらがなを筆画ごとに認識し、削除・漢字変換・確定をジェスチャーで行う。,"겹쳐 쓴 히라가나를 획마다 인식하고 제스처로 삭제, 한자 변환, 확정을 수행한다."
ehara2008multilingual,Multilingual text entry using automatic language detection,"Ehara, Yo and Tanaka-Ishii, Kumiko",2008,Proceedings of the Third International …,EN-B,other,algorithms,conversion_recognition_data_or_infrastructure,https://aclanthology.org/I08-1058/,reachable,https://aclanthology.org/I08-1058.pdf,SHA-256 matched prior reading record,displayed,7,ehara2008multilingual-paper-illustration | ehara2008multilingual-paper-slideshow,2026-09-08,"Automatic language detection switches between language-specific input engines, including Japanese and Chinese conversion back ends.",自动语言检测在不同语言的输入引擎间切换，其中包括日文和中文转换后端。,言語を自動検出して各言語の入力エンジンを切り替える。日本語と中国語の変換も含む。,언어를 자동 감지해 언어별 입력 엔진을 전환하며 일본어와 중국어 변환도 포함한다.
go2008itone,Itone: a japanese text input method for a dual joystick game controller,"Go, Kentaro and Konishi, Hayato and Matsuura, Yoshisuke",2008,CHI '08 Extended Abstracts on Human Factors in Computing Systems,EN-A,ja,interaction,input_control_user_or_evaluation_evidence,https://dl.acm.org/doi/abs/10.1145/1358628.1358821,restricted,,SHA-256 matched prior reading record,displayed,8,go2008itone-paper-illustration | go2008itone-paper-slideshow,2026-09-08,Dual joysticks select a Japanese syllabary column and vowel row; releasing commits the character. Conversion exists but is not fully evaluated.,双摇杆分别选择日语音节表的列和元音行，释放后提交字符；系统具有转换功能，但未进行完整评估。,2本のジョイスティックで行と母音段を選び、離すと確定する。変換機能の評価は限定的である。,두 조이스틱으로 행과 모음 위치를 선택하고 놓으면 확정한다. 변환 기능 평가는 제한적이다.
ilinkin2008design,Design and evaluation of korean text entry methods for mobile phones,"Ilinkin, Ivaylo and Kim, Sunghee",2008,CHI '08 Extended Abstracts on Human Factors in Computing Systems,EN-A,ko,interaction,input_control_user_or_evaluation_evidence,https://dl.acm.org/doi/abs/10.1145/1358628.1358773,restricted,,SHA-256 matched prior reading record,displayed,13,ilinkin2008design-paper-illustration | ilinkin2008design-paper-slideshow,2026-09-08,A twelve-key mobile layout combines consonant multi-tap with shape-based vowel composition for Hangul entry.,十二键手机布局结合辅音多击与基于形状的元音组合，实现 Hangul 输入。,12キー携帯配列で子音の複数回押しと形状に基づく母音合成を組み合わせる。,12키 휴대전화 배열에서 자음 여러 번 누르기와 형태 기반 모음 조합을 결합한다.
mladenov2008integrated,Integrated system for Japanese word processing,"Mladenov, Radoslav and Karova, Milena",2008,2008 Conference on Human System Interactions,EN-B,ja,algorithms | interaction,joint_model_and_input_system,https://ieeexplore.ieee.org/abstract/document/4581406/,restricted,,SHA-256 matched prior reading record,displayed,5,mladenov2008integrated-paper-illustration | mladenov2008integrated-paper-slideshow,2026-09-08,A Japanese word processor combines keyboard entry with dictionary and radical lookup. Stroke-order pictures teach writing; handwriting recognition is not implemented.,日文文字处理器结合键盘输入、词典及部首查找；笔顺图片用于教学，未实现手写识别。,日本語ワープロに辞書・部首検索を統合する。筆順画像は教材であり、手書き認識は未実装である。,일본어 워드프로세서에 사전·부수 검색을 통합한다. 획순 이미지는 교재이며 필기 인식은 구현되지 않았다.
miyao2009writer,Writer adaptation for online handwriting recognition system using virtual examples,"Miyao, Hidetoshi and Maruyama, Minoru",2009,2009 10th International Conference on Document Analysis and Recognition,EN-B,ja,algorithms,conversion_recognition_data_or_infrastructure,https://ieeexplore.ieee.org/abstract/document/5277592/,restricted,,SHA-256 matched prior reading record,displayed,4,miyao2009writer-paper-illustration | miyao2009writer-paper-slideshow,2026-09-08,Virtual examples adapt an online hiragana recognizer to individual writers using separately held-out handwriting samples.,通过虚拟样本使在线平假名识别器适应不同书写者，并以独立留出的手写样本评估。,仮想例でひらがな認識器を書き手に適応させ、別に確保した筆記標本で評価する。,가상 예제로 히라가나 인식기를 필자에 적응시키고 별도 필기 표본으로 평가한다.
shin2009multi,Multi-point touch input method for Korean text entry,"Shin, Heesook and Lee, Woohun and Lee, Geehyuk and Cho, Ilyeon",2009,CHI '09 Extended Abstracts on Human Factors in Computing Systems,EN-A,ko,interaction,input_control_user_or_evaluation_evidence,https://dl.acm.org/doi/abs/10.1145/1520340.1520586,restricted,,SHA-256 matched prior reading record,displayed,6,shin2009multi-paper-illustration | shin2009multi-paper-slideshow,2026-09-08,One- and two-finger button actions are compared for Hangul composition in an image-based interface mockup.,在基于图像的界面模型中，比较单指与双指按键操作的 Hangul 组合方式。,画像ベースの模擬画面で、1本指と2本指の操作によるHangul合成を比較する。,이미지 기반 모의 화면에서 한 손가락과 두 손가락 조작을 이용한 한글 조합을 비교한다.
ilinkin2010evaluation,"Evaluation of text entry methods for Korean mobile phones, a user study","Ilinkin, Ivaylo and Kim, Sunghee",2010,Proceedings of the SIGCHI Conference on Human Factors in Computing Systems,EN-A,ko,interaction,input_control_user_or_evaluation_evidence,https://dl.acm.org/doi/abs/10.1145/1753326.1753633,restricted,,SHA-256 matched prior reading record,displayed,9,ilinkin2010evaluation-paper-illustration | ilinkin2010evaluation-paper-slideshow,2026-09-08,A user study compares Korean mobile keypad methods; reported character-based rates refer to component letters rather than whole Hangul syllables.,用户研究比较韩文手机键盘输入法，报告的字符速率针对组成字母，并非完整 Hangul 音节。,韓国語携帯入力を比較する。報告速度の文字単位は完成音節ではなく構成字母である。,한국어 휴대전화 입력을 비교하며 보고 속도의 문자 단위는 완성 음절이 아닌 구성 자모이다.
kato2010kana,Kana-to-kanji conversion method using Markov chain model of words in bunsetsu,"Kato, Shozo and Araki, Chikahiro and Hashimukai, Shinichiro and Ogoshi, Yasuhiro and Mori, Mikio and Taniguchi, Shuji",2010,2010 4th International Universal Communication Symposium,EN-B,ja,algorithms,conversion_recognition_data_or_infrastructure,https://ieeexplore.ieee.org/abstract/document/5666652/,restricted,,SHA-256 matched prior reading record,displayed,13,kato2010kana-paper-illustration | kato2010kana-paper-slideshow,2026-09-08,"A word-based Markov model converts unsegmented kana into mixed Kanji–kana text, evaluated at sentence, word and character levels.",词级马尔可夫模型将未分词假名转换为汉字与假名混合文本，并在句、词和字符层面评估。,語単位のマルコフモデルで仮名を仮名漢字混じり文に変換し、文・語・文字別に評価する。,단어 단위 마르코프 모델로 가나를 가나·한자 혼합문으로 변환하고 문장·단어·문자별로 평가한다.
kimioka2011niboshi,Niboshi for slate devices: a Japanese input method using multi-touch for slate devices,"Kimioka, Gimpei and Shizuki, Buntarou and Tanaka, Jiro",2011,Human-Computer Interaction. Interaction Techniques and Environments,EN-A,ja,interaction,input_control_user_or_evaluation_evidence,https://link.springer.com/chapter/10.1007/978-3-642-21605-3_9,reachable,,SHA-256 matched prior reading record,displayed,10,kimioka2011niboshi-paper-illustration | kimioka2011niboshi-paper-slideshow,2026-09-08,Multi-touch Japanese entry supports kana and predictive Kanji conversion; eyes-free operation concerns the keys rather than hidden text feedback.,多点触控日文输入支持假名及预测性汉字转换；免视操作针对按键，文字反馈仍然可见。,マルチタッチで仮名と予測漢字変換を入力する。目を使わない操作はキーに関するもので、文章は見える。,멀티터치로 가나와 예측 한자 변환을 입력한다. 보지 않는 조작은 키에 관한 것이며 출력 문장은 보인다.
ikegami2012modeless,Modeless Japanese input method using multiple character sequence features,"Ikegami, Y. and Sakurai, Y. and Tsuruta, S.",2012,2012 Eighth International Conference on Signal Image Technology and Internet Based Systems,EN-B,ja,algorithms | interaction,joint_model_and_input_system,https://ieeexplore.ieee.org/abstract/document/6395150/,restricted,,SHA-256 matched prior reading record,displayed,5,ikegami2012modeless-paper-illustration | ikegami2012modeless-paper-slideshow,2026-09-08,Sequence features distinguish Japanese and ASCII input and map ASCII to kana. Kanji conversion is a proposed downstream step.,序列特征区分日文与 ASCII 输入，并将 ASCII 映射为假名；汉字转换属于提出的后续环节。,系列特徴で日本語とASCIIを分類して仮名へ写像する。漢字変換は後段の構想である。,시퀀스 특징으로 일본어와 ASCII를 분류해 가나로 매핑한다. 한자 변환은 후속 구상이다.
fukatsu2013look,No-look flick: single-handed and eyes-free japanese text input system on touch screens of mobile devices,"Fukatsu, Yoshitomo and Shizuki, Buntarou and Tanaka, Jiro",2013,Proceedings of the 15th international conference on Human-computer interaction with mobile devices and services,EN-A,ja,interaction,input_control_user_or_evaluation_evidence,https://dl.acm.org/doi/abs/10.1145/2493190.2493243,restricted,,SHA-256 matched prior reading record,displayed,18,fukatsu2013look-paper-illustration | fukatsu2013look-paper-slideshow,2026-09-08,Single-handed flick gestures enter kana for short notes without looking at the keys; the study does not test Kanji conversion.,单手滑动手势在不看按键的情况下输入短假名笔记，研究未测试汉字转换。,キーを見ず片手フリックで短い仮名メモを入力する。漢字変換は試験していない。,키를 보지 않고 한 손 플릭으로 짧은 가나 메모를 입력하며 한자 변환은 시험하지 않는다.
go2013designing,Designing EdgeWrite versions for Japanese Text Entry,"Go, Kentaro and Kinoshita, Yuichiro and Watanabe, Shoichi",2013,2013 International Conference on Cyberworlds,EN-B,ja,interaction,input_control_user_or_evaluation_evidence,https://ieeexplore.ieee.org/abstract/document/6680103/,restricted,,SHA-256 matched prior reading record,displayed,6,go2013designing-paper-illustration | go2013designing-paper-slideshow,2026-09-08,"EdgeWrite corner paths encode Japanese phonograms, principally katakana, using stroke order and spatial structure.",EdgeWrite 利用笔顺与空间结构，通过角点路径编码日语表音字符，主要为片假名。,EdgeWriteの角経路が筆順と空間構造で日本語の表音文字、主にカタカナを符号化する。,EdgeWrite 모서리 경로가 획순과 공간 구조로 주로 가타카나인 일본어 표음문자를 부호화한다.
kim2013hybrid,Hybrid evaluation method for Korean Character input system in mobile phones,"Kim, Insoo and Myung, Rohae",2013,International Journal of Industrial Ergonomics,EN-B,ko,interaction,input_control_user_or_evaluation_evidence,https://www.sciencedirect.com/science/article/pii/S0169814112001151,network_error,,SHA-256 matched prior reading record,displayed,4,kim2013hybrid-paper-illustration | kim2013hybrid-paper-slideshow,2026-09-08,A hybrid evaluation compares mobile Hangul input using rehearsed sentences; trials stop when an error occurs.,混合评估使用预先练习的句子比较手机 Hangul 输入，出现错误即终止试次。,練習済みの文で携帯Hangul入力を複合評価し、誤りが生じると試行を中止する。,연습한 문장으로 휴대전화 한글 입력을 복합 평가하며 오류 발생 시 시행을 중단한다.
wu2013web,Using the Web to Train a Mobile Device Oriented Japanese Input Method Editor,"Wu, Xianchao and Xiao, Rixin and Chen, Xiaoxin",2013,… Joint Conference on Natural Language …,EN-B,ja,algorithms,conversion_recognition_data_or_infrastructure,https://aclanthology.org/I13-1172/,reachable,https://aclanthology.org/I13-1172.pdf,SHA-256 matched prior reading record,displayed,3,wu2013web-paper-illustration | wu2013web-paper-slideshow,2026-09-08,Web-mined compounds and phrases expand Japanese kana–Kanji conversion; cloud candidates are placed ahead of local candidates.,从网页挖掘复合词与短语以扩展日文假名转汉字，云端候选排在本地候选之前。,Webから複合語や句を採掘して変換を拡張し、クラウド候補をローカル候補より先に置く。,웹에서 복합어와 구를 추출해 변환을 확장하고 클라우드 후보를 로컬 후보보다 앞에 배치한다.
ashitaka2014acquisition,Acquisition process of typing skill using hierarchical materials in the Japanese language,"Ashitaka, Yuki and Shimada, Hiroyuki",2014,"Attention, Perception, & Psychophysics",EN-B,ja,interaction,input_control_user_or_evaluation_evidence,https://link.springer.com/article/10.3758/s13414-014-0693-4,reachable,,SHA-256 matched prior reading record,displayed,4,ashitaka2014acquisition-paper-illustration | ashitaka2014acquisition-paper-slideshow,2026-09-08,Hierarchical typing practice links Japanese kana words to Romaji key sequences; actual conversion candidates are not displayed.,分层打字练习将日文假名词与罗马字按键序列关联，实验不显示实际转换候选。,階層的練習で仮名語とローマ字打鍵列を結び付ける。実際の変換候補は表示しない。,계층적 연습으로 가나 단어와 로마자 타건열을 연결하며 실제 변환 후보는 표시하지 않는다.
higashida2015one,One touch character: a simplified japanese character input method for mobile computing,"Higashida, Masanobu and Ishida, Toru and Murakami, Jin'ichi and Oku, Masahiro",2015,2015 International Conference on Culture and Computing (Culture Computing),EN-B,ja,interaction,input_control_user_or_evaluation_evidence,https://ieeexplore.ieee.org/abstract/document/7433242/,restricted,,SHA-256 matched prior reading record,displayed,9,higashida2015one-paper-illustration | higashida2015one-paper-slideshow,2026-09-08,"Numeric sequences retrieve Japanese words, names and addresses, with candidate display used to resolve ambiguity.",数字序列检索日文词语、姓名及地址，通过候选呈现消除歧义。,数字列で日本語の語・名前・住所を検索し、候補表示で曖昧さを解消する。,"숫자열로 일본어 단어, 이름, 주소를 검색하고 후보 표시로 모호성을 해소한다."
ikegami2015hybrid,Hybrid method for modeless Japanese input using N-gram based binary classification and dictionary,"Ikegami, Yukino and Tsuruta, Setsuo",2015,Multimedia Tools and Applications,EN-B,ja,algorithms | interaction,joint_model_and_input_system,https://link.springer.com/article/10.1007/s11042-013-1805-1,reachable,,SHA-256 matched prior reading record,displayed,3,ikegami2015hybrid-paper-illustration | ikegami2015hybrid-paper-slideshow,2026-09-08,"N-gram classification and a dictionary distinguish ASCII from kana during mixed Japanese typing, before Kanji conversion.",在混合日文输入中，使用 N 元模型分类与词典区分 ASCII 和假名，再进入汉字转换环节。,N-gram分類と辞書で日本語の混在入力をASCIIと仮名に分け、その後に漢字変換を行う。,N-gram 분류와 사전으로 혼합 일본어 입력의 ASCII와 가나를 구분한 뒤 한자로 변환한다.
matsuhara2015efficient,An efficient image-aware Kana-Kanji conversion algorithm for Twitter on mobile phones,"Matsuhara, Masafumi and Sugawara, Taichi and Chakraborty, Goutam and Mabuchi, Hiroshi",2015,2015 IEEE 7th International Conference on Awareness Science and Technology (iCAST),EN-B,ja,algorithms,conversion_recognition_data_or_infrastructure,https://ieeexplore.ieee.org/abstract/document/7314019/,restricted,,SHA-256 matched prior reading record,displayed,14,matsuhara2015efficient-paper-illustration | matsuhara2015efficient-paper-slideshow,2026-09-08,A photo attached to a kana-based tweet helps rerank Kanji candidates using similarity to retrieved Twitter images.,利用假名推文所附照片与检索到的 Twitter 图片之间的相似度，重新排列汉字候选。,仮名で書いたツイートの添付写真と検索画像の類似度を使い、漢字候補を並べ替える。,가나 트윗의 첨부 사진과 검색 이미지의 유사도로 한자 후보 순위를 조정한다.
park2015enhanced,Enhanced auditory feedback for Korean touch screen keyboards,"Park, Yongki and Heo, Hoon and Lee, Kyogu",2015,International Journal of Human-Computer Studies,EN-A,ko,interaction,input_control_user_or_evaluation_evidence,https://www.sciencedirect.com/science/article/pii/S1071581914001050,restricted,,SHA-256 matched prior reading record,displayed,10,park2015enhanced-video | park2015enhanced-paper-illustration | park2015enhanced-figure-slideshow,2026-09-08,Different sounds provide feedback for Korean touchscreen typing; sentence transcription is tested with automatic completion and correction disabled.,为韩文触屏输入提供不同声音反馈，在关闭自动补全和自动纠错的条件下测试句子抄录。,異なる音で韓国語タッチ入力にフィードバックを与える。文の転記実験では自動補完と自動修正を無効にした。,한국어 터치 입력에 서로 다른 소리 피드백을 제공한다. 문장 전사 실험에서는 자동 완성과 교정을 껐다.
lee2016complete,Complete as you go: A constructive Korean text entry method for smartwatches,"Lee, Ji-Eun and Yoon, Hyoseok and Park, Se-Ho and Lee, Kyung-Taek",2016,2016 International Conference on Information and Communication Technology Convergence (ICTC),EN-B,ko,interaction,input_control_user_or_evaluation_evidence,https://ieeexplore.ieee.org/abstract/document/7763401/,restricted,,SHA-256 matched prior reading record,displayed,6,lee2016complete-paper-illustration | lee2016complete-paper-slideshow,2026-09-08,"A smartwatch interface constructs Hangul from initial consonants, vowels and final consonants through expandable, frequency-ordered choices.",智能手表界面以可展开、按频率排列的选项，逐步选择声母、元音和韵尾构成 Hangul。,展開可能な頻度順の選択肢から初声・母音・終声を選び、腕時計でHangulを合成する。,스마트워치에서 빈도순으로 펼쳐지는 선택지를 통해 초성·모음·종성을 골라 한글을 조합한다.
han2017mid,Mid-Air Hangeul Input System,"Han, Kyungjin and Lee, Jongweon",2018,Advances in Human Factors and Systems Interaction,EN-B,ko,interaction,input_control_user_or_evaluation_evidence,https://link.springer.com/chapter/10.1007/978-3-319-60366-7_18,reachable,,SHA-256 matched prior reading record,displayed,5,han2017mid-paper-illustration | han2017mid-paper-slideshow,2026-09-08,"Mid-air gestures select consonants and vowels on a large display to compose Hangul, without a head-mounted display.",通过空中手势选择大屏幕上的辅音和元音，组合 Hangul，系统不使用头戴显示器。,大型画面で空中ジェスチャーにより子音と母音を選び、Hangulを合成する。HMDは使わない。,대형 화면에서 공중 제스처로 자음과 모음을 골라 한글을 조합하며 HMD는 사용하지 않는다.
ikegami2017flick,Flick: Japanese input method editor using N-gram and recurrent neural network language model based predictive text input,"Ikegami, Yukino and Sakurai, Yoshitaka and Damiani, Ernesto and Knauf, Rainer and Tsuruta, Setsuo",2017,2017 13th International Conference on Signal-Image Technology & Internet-Based Systems (SITIS),EN-B,ja,algorithms | interaction,joint_model_and_input_system,https://ieeexplore.ieee.org/abstract/document/8334724/,network_error,,SHA-256 matched prior reading record,displayed,2,ikegami2017flick-paper-illustration | ikegami2017flick-paper-slideshow,2026-09-08,A Japanese mobile IME uses word segmentation and recurrent language modeling to predict the next word from the current input and history.,日文手机输入法通过分词及循环语言模型，结合当前输入和历史词语预测后续词。,日本語モバイルIMEで単語分割と再帰型言語モデルを用い、現在の入力と履歴から次の語を予測する。,일본어 모바일 IME에서 단어 분할과 순환 언어 모델로 현재 입력 및 이력에 따른 다음 단어를 예측한다.
ilinkin2017evaluation,Evaluation of Korean Text Entry Methods for Smartwatches,"Ilinkin, Ivaylo and Kim, Sunghee",2017,Proceedings of the 2017 CHI Conference on Human Factors in Computing Systems,EN-A,ko,interaction,input_control_user_or_evaluation_evidence,https://dl.acm.org/doi/abs/10.1145/3025453.3025657,restricted,,SHA-256 matched prior reading record,displayed,3,ilinkin2017evaluation-paper-illustration | ilinkin2017evaluation-paper-slideshow,2026-09-08,"Repeated smartwatch transcription compares Korean entry methods, with corrections deleting individual letters rather than whole syllable blocks.",通过重复的智能手表抄录任务比较韩文输入法，纠错时删除单个字母，而非整个音节块。,腕時計での反復転記により韓国語入力方式を比較する。修正時は音節全体ではなく個々の字母を削除する。,"스마트워치에서 반복 전사로 한국어 입력 방식을 비교하며, 수정 시 음절 전체 대신 개별 자모를 지운다."
shin2017non,Non-touch character input system based on hand tapping gestures using Kinect sensor,"Shin, Jungpil and Kim, Cheol Min",2017,IEEE Access,EN-B,ja,interaction,input_control_user_or_evaluation_evidence,https://ieeexplore.ieee.org/abstract/document/7926343/,restricted,,SHA-256 matched prior reading record,displayed,17,shin2017non-paper-illustration | shin2017non-paper-slideshow,2026-09-08,"Kinect detects mid-air tapping to enter hiragana or English, with controls for modifiers, deletion, spacing and character-set changes.",Kinect 检测空中拍击以输入平假名或英文，并支持修饰符、删除、空格及字符集切换。,Kinectが空中タップを検出してひらがなや英語を入力する。修飾・削除・空白・文字種切替も備える。,Kinect로 공중 탭을 감지하여 히라가나나 영어를 입력하며 수정 기호·삭제·공백·문자 종류 전환을 지원한다.
nguyen2018online,Online Japanese handwriting recognizers using recurrent neural networks,"Nguyen, Hung Tuan and Nguyen, Cuong Tuan and Nakagawa, Masaki",2018,2018 16th International Conference on Frontiers in Handwriting Recognition (ICFHR),EN-B,ja,algorithms,conversion_recognition_data_or_infrastructure,https://ieeexplore.ieee.org/abstract/document/8583800/,restricted,,SHA-256 matched prior reading record,displayed,0,nguyen2018online-paper-illustration | nguyen2018online-paper-slideshow,2026-09-08,Recurrent networks recognize recorded Japanese handwriting trajectories as characters or text lines; no interactive candidate interface is evaluated.,循环网络将记录的日文手写轨迹识别为字符或文本行，研究未评估交互式候选界面。,記録済みの日本語手書き軌跡を再帰型ネットワークで文字や行として認識する。対話的な候補画面は評価しない。,순환 신경망으로 기록된 일본어 필기 궤적을 문자나 행으로 인식한다. 대화형 후보 인터페이스는 평가하지 않는다.
takei2018button,A 2-by-6-Button Japanese Software Keyboard for Tablets.,"Takei, Kei and Hosobe, Hiroshi",2018,"Proceedings of the 13th International Joint Conference on Computer Vision, Imaging and Computer Graphics Theory and Applications",EN-B,ja,interaction,input_control_user_or_evaluation_evidence,https://pdfs.semanticscholar.org/87ef/af8fb03a628647dfce0babcc823b05e0da15.pdf,pdf_response,https://pdfs.semanticscholar.org/87ef/af8fb03a628647dfce0babcc823b05e0da15.pdf,SHA-256 matched prior reading record,displayed,5,takei2018button-paper-illustration | takei2018button-paper-slideshow,2026-09-08,"A two-by-six-button tablet keyboard enters kana, special characters and controls without kana–Kanji conversion.",二乘六按键的平板键盘用于输入假名、特殊字符及控制命令，不包含假名转汉字。,2行6列のタブレット用ボタンで仮名・特殊文字・操作を入力する。仮名漢字変換は行わない。,태블릿의 2행 6열 버튼으로 가나·특수 문자·명령을 입력하며 가나–한자 변환은 하지 않는다.
tojo2018bubbleflick,BubbleFlick: Investigating effective interface for Japanese text entry on smartwatches,"Tojo, T. and Kato, T. and Yamamoto, S.",2018,… of the 20th International Conference on …,EN-A,ja,interaction,input_control_user_or_evaluation_evidence,https://dl.acm.org/doi/abs/10.1145/3229434.3229455,restricted,,SHA-256 matched prior reading record,displayed,14,tojo2018bubbleflick-paper-illustration | tojo2018bubbleflick-paper-slideshow,2026-09-08,Directional flicks on a circular smartwatch keyboard select kana; a central area controls cursor movement and deletion.,在环形智能手表键盘上以方向滑动选择假名，中央区域用于光标移动与删除。,円形の腕時計キーボードで方向フリックにより仮名を選び、中央でカーソル移動と削除を操作する。,원형 스마트워치 키보드에서 방향 플릭으로 가나를 고르고 중앙 영역에서 커서 이동과 삭제를 조작한다.
tanaka2019micro,Micro Touch Board Specially Designed for SliT that Is the Japanese Character Input Method for Smartwatches,"Tanaka, T. and Saka, K. and Akita, K. and Sagawa, Y.",2019,International Conference on …,EN-B,ja,interaction,input_control_user_or_evaluation_evidence,https://link.springer.com/chapter/10.1007/978-3-030-22643-5_5,reachable,,SHA-256 matched prior reading record,displayed,7,tanaka2019micro-paper-illustration | tanaka2019micro-paper-slideshow,2026-09-08,Sliding chooses a Japanese syllabary row and tapping chooses its vowel position to enter hiragana on a small touch surface.,在小型触控面上，先滑动选择日语音节行，再点击选择元音位置，输入平假名。,小さなタッチ面でスライドにより五十音の行を選び、タップで母音位置を指定してひらがなを入力する。,작은 터치면에서 슬라이드로 오십음도 행을 고르고 탭으로 모음 위치를 지정하여 히라가나를 입력한다.
toba2019efficient,Efficient Speech-Recognition Error-Correction Interface for Japanese Text Entry on Smartwatches,"Toba, R. and Kato, T. and Yamamoto, S.",2019,… of the 21st International Conference on …,EN-A,ja,interaction,input_control_user_or_evaluation_evidence,https://dl.acm.org/doi/abs/10.1145/3338286.3340124,restricted,,SHA-256 matched prior reading record,displayed,5,toba2019efficient-paper-illustration | toba2019efficient-paper-slideshow,2026-09-08,A smartwatch interface repairs Japanese speech-recognition errors using candidate and keyboard operations; re-dictation is prohibited in the test.,智能手表界面通过候选及键盘操作修正日语语音识别错误，测试中禁止重新口述。,腕時計で候補選択とキーボード操作により日本語音声認識の誤りを直す。実験では再発話を禁止した。,스마트워치에서 후보 선택과 키보드 조작으로 일본어 음성 인식 오류를 수정한다. 실험에서는 재발화를 금지했다.
nakamura2020japanese,A Japanese Bimanual Flick Keyboard for Tablets That Improves Display Space Efficiency.,"Nakamura, Yuya and Hosobe, Hiroshi",2020,"Proceedings of the 15th International Joint Conference on Computer Vision, Imaging and Computer Graphics Theory and Applications",EN-B,ja,interaction,input_control_user_or_evaluation_evidence,https://www.scitepress.org/PublishedPapers/2020/89691/89691.pdf,pdf_response,https://www.scitepress.org/PublishedPapers/2020/89691/89691.pdf,SHA-256 matched prior reading record,displayed,10,nakamura2020japanese-paper-illustration | nakamura2020japanese-paper-slideshow,2026-09-08,A bimanual tablet keyboard combines kana flick entry with dictionary-based Kanji conversion and a dedicated candidate area.,双手平板键盘结合假名滑动输入、基于词典的汉字转换及专门的候选区域。,両手用タブレットキーボードに仮名フリック、辞書による漢字変換、専用候補領域を組み合わせる。,"양손 태블릿 키보드에 가나 플릭, 사전 기반 한자 변환, 전용 후보 영역을 결합한다."
sato2020homonym,Homonym normalisation by word sense clustering: a case in Japanese,"Sato, Yo and Heffernan, Kevin",2020,Proceedings of the 28th International Conference on Computational Linguistics,EN-A,ja,algorithms,conversion_recognition_data_or_infrastructure,https://aclanthology.org/2020.coling-main.295/,reachable,https://aclanthology.org/2020.coling-main.295.pdf,SHA-256 matched prior reading record,displayed,0,sato2020homonym-paper-illustration | sato2020homonym-paper-slideshow,2026-09-08,Word-sense clustering normalizes Japanese homonyms for an offline kana–Kanji conversion module.,通过词义聚类规范日文同音词，用于离线假名转汉字模块。,語義クラスタリングで日本語の同音語を正規化し、オフラインの仮名漢字変換モジュールに用いる。,의미 군집화로 일본어 동음어를 정규화하여 오프라인 가나–한자 변환 모듈에 활용한다.
nakamura2021bimanual,A Bimanual Flick-Based Japanese Software Keyboard Using Direct Kanji Input,"Nakamura, Yuya and Hosobe, Hiroshi",2023,"Computer Vision, Imaging and Computer Graphics Theory and Applications",EN-B,ja,interaction,input_control_user_or_evaluation_evidence,https://link.springer.com/chapter/10.1007/978-3-031-25477-2_5,reachable,,SHA-256 matched prior reading record,displayed,21,nakamura2021bimanual-paper-illustration | nakamura2021bimanual-paper-slideshow,2026-09-08,Common-use Kanji can be selected directly; other Kanji and katakana remain accessible through a conversion area.,常用汉字可直接选择，其他汉字及片假名仍可通过转换区域输入。,常用漢字を直接選択でき、その他の漢字とカタカナは変換領域から入力する。,상용한자를 직접 선택하고 다른 한자와 가타카나는 변환 영역에서 입력한다.
takahashi2021japanese,A japanese character flick-input interface for entering text in vr,"Takahashi, R. and Shirai, S. and Orlosky, J. and others",2021,… on Mixed and …,EN-A,ja,interaction,input_control_user_or_evaluation_evidence,https://ir.library.osaka-u.ac.jp/repo/ouka/all/103400/?lang=1,reachable,,SHA-256 matched prior reading record,displayed,3,takahashi2021japanese-paper-illustration | takahashi2021japanese-paper-slideshow,2026-09-08,A VR flick interface enters hiragana and displays the sentence; Kanji-candidate conversion is not evaluated.,VR 滑动界面输入平假名并显示句子，未评估汉字候选转换。,VRのフリック画面でひらがなを入力し文を表示する。漢字候補への変換は評価しない。,VR 플릭 인터페이스로 히라가나를 입력하고 문장을 표시한다. 한자 후보 변환은 평가하지 않는다.
yokoyama2021joyflick,JoyFlick: Japanese Text Entry Using Dual Joysticks for Flick Input Users,"Yokoyama, Kaisei and Takakura, Rei and Shizuki, Buntarou",2021,Human-Computer Interaction – INTERACT 2021,EN-A,ja,interaction,input_control_user_or_evaluation_evidence,https://link.springer.com/chapter/10.1007/978-3-030-85613-7_8,reachable,,SHA-256 matched prior reading record,displayed,15,yokoyama2021joyflick-paper-illustration | yokoyama2021joyflick-wiss2020-video | yokoyama2021joyflick-mod-extension-video | yokoyama2021joyflick-figure-slideshow,2026-09-08,Two joysticks and modifier buttons produce Japanese kana. IME integration and VR use are discussed as future extensions.,两个摇杆与修饰按键用于输入日文假名，接入输入法和 VR 使用属于讨论中的后续扩展。,2本のジョイスティックと修飾ボタンで日本語の仮名を入力する。IME統合とVR利用は今後の拡張として述べる。,조이스틱 두 개와 수정 버튼으로 일본어 가나를 입력한다. IME 통합과 VR 활용은 향후 확장으로 논의한다.
ikegami2024fast,Fast ML-based next-word prediction for hybrid languages,"Ikegami, Yukino and Tsuruta, Setsuo and Kutics, Andrea and Damiani, Ernesto and Knauf, Rainer",2024,Internet of Things,EN-B,ja,algorithms | interaction,joint_model_and_input_system,https://www.sciencedirect.com/science/article/pii/S2542660524000064,restricted,,SHA-256 matched prior reading record,displayed,3,ikegami2024fast-paper-illustration | ikegami2024fast-paper-slideshow,2026-09-08,"A Japanese mobile IME provides recurrent-model word prediction and conversion candidates, compared with Mozc on input time and key actions.",日文手机输入法提供循环模型词预测及转换候选，并与 Mozc 比较输入时间和按键操作。,日本語モバイルIMEが再帰型モデルによる語予測と変換候補を提供し、入力時間とキー操作をMozcと比較する。,일본어 모바일 IME가 순환 모델 기반 단어 예측 및 변환 후보를 제공하며 입력 시간과 키 조작을 Mozc와 비교한다.
sarhangzadeh2024alignment,Alignment-based decoding policy for low-latency and anticipation-free neural japanese input method editors,"Sarhangzadeh, Armin and Watanabe, Taro",2024,Findings of the Association for Computational Linguistics ACL 2024,EN-A,ja,algorithms,conversion_recognition_data_or_infrastructure,https://aclanthology.org/2024.findings-acl.479/,reachable,https://aclanthology.org/2024.findings-acl.479.pdf,SHA-256 matched prior reading record,displayed,6,sarhangzadeh2024alignment-paper-illustration | sarhangzadeh2024alignment-video | sarhangzadeh2024alignment-keyframes,2026-09-08,An alignment-based policy incrementally converts kana into Japanese written text while controlling when the decoder reads and writes.,基于对齐的策略控制解码器读取与输出时机，将假名逐步转换为日文书面文本。,アラインメントに基づく方策で、復号器の読み取りと出力の時機を制御しながら仮名を逐次変換する。,정렬 기반 정책으로 디코더의 읽기와 출력 시점을 제어하며 가나를 일본어 표기문으로 점진 변환한다.
wada2025flick,Flick-in: Japanese Text Entry Method for Indirect Touch Using Bezel-Initiated Swipe,"Wada, Yuto and Choi, Myungguen and Shirane, Kaoru and Shizuki, Buntarou",2025,Proceedings of the 2025 ACM Symposium on Spatial User Interaction,EN-B,ja,interaction,input_control_user_or_evaluation_evidence,https://dl.acm.org/doi/abs/10.1145/3694907.3765927,restricted,,SHA-256 matched prior reading record,displayed,13,wada2025flick-video | wada2025flick-animation,2026-09-08,A bezel swipe and indirect touch select Japanese kana on a watch. The illustrated Kanji-conversion extension was not implemented or evaluated.,通过表框滑动和间接触控在手表上选择日文假名，图示的汉字转换扩展尚未实现或评估。,腕時計のベゼルスワイプと間接タッチで仮名を選ぶ。図示された漢字変換への拡張は未実装・未評価である。,스마트워치의 베젤 스와이프와 간접 터치로 가나를 선택한다. 그림에 제시된 한자 변환 확장은 구현·평가되지 않았다.
kishi2026proposal,Proposal for Japanese Flick Input in VR Environments Using Pinch Gestures,"Kishi, Naoki and Oka, Makoto and Mori, Hirohiko",2026,Human Interface and the Management of Information,EN-B,ja,interaction,input_control_user_or_evaluation_evidence,https://books.google.com/books?hl=en&lr=&id=VxLyEQAAQBAJ&oi=fnd&pg=PA421&dq=gaze+pinch+text+input&ots=7sC6a0-ABg&sig=56D5ssP0HJy3H9-pBncnmWDpHB0,network_error,,SHA-256 matched prior reading record,displayed,7,kishi2026proposal-paper-illustration | kishi2026proposal-paper-slideshow,2026-09-08,"Pinch gestures operate a VR kana keyboard and an editing mode with deletion, modifiers and conversion-candidate selection.",捏合手势操控 VR 假名键盘及编辑模式，支持删除、修饰符和转换候选选择。,ピンチでVR仮名キーボードを操作し、編集モードで削除・修飾・変換候補選択を行う。,핀치로 VR 가나 키보드를 조작하고 편집 모드에서 삭제·수정 기호·변환 후보 선택을 수행한다.
mokuya2026japanese,A Japanese Software Keyboard for Smartwatches Using Large Keys to Improve Input Accuracy,"Mokuya, Yota and Hosobe, Hiroshi",2026,"Human-Centered Design, Operation and Evaluation of Mobile Communications",EN-A,ja,interaction,input_control_user_or_evaluation_evidence,https://link.springer.com/chapter/10.1007/978-3-032-30549-7_22,reachable,,SHA-256 matched prior reading record,displayed,5,mokuya2026japanese-paper-illustration | mokuya2026japanese-paper-slideshow,2026-09-08,Large consonant keys and vowel taps compose kana on a smartwatch; predictive conversion is proposed as future work.,通过大尺寸辅音键和元音点击在智能手表上组合假名，预测性转换属于后续工作。,腕時計の大きな子音キーと母音タップで仮名を合成する。予測変換は今後の課題として提案する。,스마트워치의 큰 자음 키와 모음 탭으로 가나를 조합하며 예측 변환은 향후 과제로 제안한다.
takeuchi2026kuchimoji,KUCHIMOJI: A Japanese Vowel-Based Character Entry System Using Mouth Shape Recognition for Assistive Communication,"Takeuchi, Daisuke and Zhang, Haibo and Itoh, Kazuyuki and Saitoh, Takeshi",2026,Electronics,EN-B,ja,algorithms | interaction,joint_model_and_input_system,https://www.mdpi.com/2079-9292/15/12/2677,restricted,,SHA-256 matched prior reading record,displayed,8,takeuchi2026kuchimoji-fig4 | takeuchi2026kuchimoji-paper-slideshow,2026-09-08,"Mouth shapes estimate vowels; scanning and confirmation signals select kana. The system supports speech playback, but not Kanji conversion.",口型用于估计元音，再通过扫描及确认信号选择假名；系统支持语音播放，不包含汉字转换。,口形から母音を推定し、走査と確認信号で仮名を選ぶ。音声再生を備えるが漢字変換は行わない。,입 모양으로 모음을 추정하고 스캔 및 확인 신호로 가나를 선택한다. 음성 재생은 지원하지만 한자 변환은 하지 않는다.
tanakaishii2002entering,Entering text with a four-button device,"Tanaka-Ishii, K. and Inutsuka, Y. and others",2002,COLING 2002: The 19th …,EN-A,ja,interaction,input_control_user_or_evaluation_evidence,https://aclanthology.org/C02-1149/,reachable,https://aclanthology.org/C02-1149.pdf,SHA-256 matched prior reading record,displayed,0,tanakaishii2002entering-paper-illustration | tanakaishii2002entering-paper-slideshow,2026-09-08,Ambiguous input on four character buttons is resolved through predictive completion and selection from ranked word candidates.,四个字符按键产生的歧义输入，通过预测补全及排序词候选的选择消解。,4個の文字ボタンによる曖昧な入力を、予測補完と順位付き単語候補の選択によって解決する。,문자 버튼 네 개의 모호한 입력을 예측 완성과 순위가 매겨진 단어 후보 선택으로 해소한다.
kurihara2006speech,Speech pen: predictive handwriting based on ambient multimodal recognition,"Kurihara, Kazutaka and Goto, Masataka and Ogata, Jun and Igarashi, Takeo",2006,Proceedings of the SIGCHI Conference on Human Factors in Computing Systems,EN-A,ja,interaction,input_control_user_or_evaluation_evidence,https://dl.acm.org/doi/abs/10.1145/1124772.1124897,restricted,,SHA-256 matched prior reading record,displayed,18,kurihara2006speech-paper-illustration | kurihara2006speech-paper-slideshow,2026-09-08,Ambient speech and handwriting recognition suggest text that can be inserted into Japanese notes in a personalized handwriting style.,环境语音与手写识别提供文字建议，可按个性化手写风格插入日文笔记。,周囲の音声と手書きの認識から、日本語ノートに本人の筆跡で挿入できる文字列を提案する。,주변 음성과 필기를 인식하여 개인 필체로 일본어 노트에 삽입할 텍스트를 제안한다.
hatano2009japanese,A Japanese input method for mobile terminals using surface EMG signals,"Hatano, Akira and Araki, Kenji and Matsuhara, Masafumi",2009,New Frontiers in Artificial …,EN-B,ja,interaction,input_control_user_or_evaluation_evidence,https://www.researchgate.net/profile/Kenji-Araki-2/publication/221256751_A_Japanese_Input_Method_for_Mobile_Terminals_Using_Surface_EMG_Signals/links/02e7e5293fb851cbd9000000/A-Japanese-Input-Method-for-Mobile-Terminals-Using-Surface-EMG-Signals.pdf,restricted,,SHA-256 matched prior reading record,displayed,10,hatano2009japanese-paper-illustration | hatano2009japanese-paper-slideshow,2026-09-08,"Surface EMG generates pseudo-key events for Japanese word-candidate selection, paging and confirmation.",表面肌电生成模拟按键事件，用于日文词候选选择、翻页与确认。,表面筋電から疑似キー入力を生成し、日本語の単語候補の選択・ページ切替・確定を行う。,표면 근전도로 가상 키 이벤트를 생성하여 일본어 단어 후보 선택·페이지 전환·확정을 수행한다.
li2009bci,P300 based BCI messenger,"Li, Yi and Zhang, Jianhui and Su, Yu and Chen, Weidong and Qi, Yu and Zhang, Jicai and Zheng, Xiaoxiang",2009,2009 ICME International Conference on Complex Medical Engineering,EN-B,zh,interaction,input_control_user_or_evaluation_evidence,https://ieeexplore.ieee.org/abstract/document/4906636/,restricted,,SHA-256 matched prior reading record,displayed,7,li2009bci-paper-illustration | li2009bci-paper-slideshow,2026-09-08,"A P300 messenger offers Chinese stroke entry, candidate selection and deletion, then sends the resulting message.",P300 消息系统提供中文笔画输入、候选选择及删除，并发送生成的消息。,P300メッセンジャーで中国語の筆画入力、候補選択、削除を行い、完成したメッセージを送る。,"P300 메신저에서 중국어 획 입력, 후보 선택, 삭제를 수행하고 완성된 메시지를 전송한다."
jin2010chinese,P300 Chinese input system based on Bayesian LDA.,"Jin, Jing and Allison, Brendan Z. and Brunner, Clemens and Wang, Bei and Wang, Xingyu and Zhang, Jianhua and Neuper, Christa and Pfurtscheller, Gert",2010,Biomedizinische Technik/Biomedical Engineering,EN-B,zh,interaction,input_control_user_or_evaluation_evidence,https://www.researchgate.net/profile/Jing-Jin-6/publication/41403718_P300_Chinese_input_system_based_on_Bayesian_LDA/links/0deec531ec4a3d3217000000/P300-Chinese-input-system-based-on-Bayesian-LDA.pdf,restricted,,SHA-256 matched prior reading record,displayed,13,jin2010chinese-paper-illustration | jin2010chinese-paper-slideshow,2026-09-08,A stroke-to-Chinese candidate interface is designed around P300 classification; the experiment evaluates cued components rather than voluntary messages.,围绕 P300 分类设计笔画转汉字候选界面，实验评估提示条件下的组件选择，而非自主消息输入。,P300分類に基づく筆画から漢字への候補画面を設計する。実験は自由なメッセージでなく指定部品を評価する。,P300 분류에 따른 획–중국 한자 후보 인터페이스를 설계한다. 실험은 자유 메시지 대신 지정된 구성 요소를 평가한다.
kotani2010design,Design of eye-typing interface using saccadic latency of eye movement,"Kotani, Kentaro and Yamaguchi, Yuji and Asao, Takafumi and Horii, Ken",2010,International Journal of Human-Computer Interaction,EN-B,ja,interaction,input_control_user_or_evaluation_evidence,https://www.tandfonline.com/doi/abs/10.1080/10447310903575499,restricted,,SHA-256 matched prior reading record,displayed,7,kotani2010design-paper-illustration | kotani2010design-paper-slideshow,2026-09-08,"An eye-typing interface selects kana using gaze timing, with written and auditory confirmation; calibration corrects sensor drift.",眼控打字界面依据注视时序选择假名，并提供文字及声音确认；校准用于修正传感器漂移。,視線の時間制御で仮名を選び、文字と音で確認する。校正によりセンサーのドリフトを補正する。,시선 타이밍으로 가나를 선택하고 문자와 소리로 확인한다. 보정으로 센서 드리프트를 수정한다.
lee2011hangul,A P300-based Hangul input system with a hierarchical stimulus presentation paradigm,"Lee, Tae-Hoon and Kam, Tae-Eui and Kim, Sung-Phil",2011,2011 International Workshop on Pattern Recognition in NeuroImaging,EN-B,ko,interaction,input_control_user_or_evaluation_evidence,https://doi.org/10.1109/prni.2011.20,reachable,,SHA-256 matched prior reading record,displayed,5,lee2011hangul-paper-illustration | lee2011hangul-paper-slideshow,2026-09-08,"Hierarchical P300 stimuli select Hangul components in syllable order, with null-final and undo controls.",分层 P300 刺激按照音节顺序选择 Hangul 组成部分，并提供空韵尾及撤销控制。,階層型P300刺激で音節順にHangulの構成要素を選び、終声なしと取り消しの操作を備える。,계층형 P300 자극으로 음절 순서에 따라 한글 구성 요소를 선택하며 종성 없음과 실행 취소를 지원한다.
sun2011design,Design of Chinese spelling system based on ERP,"Sun, Koun-Tem and Huang, Tzu-Wei and Chen, Min-Chi",2011,2011 IEEE 11th International Conference on Bioinformatics and Bioengineering,EN-B,zh,interaction,input_control_user_or_evaluation_evidence,https://ieeexplore.ieee.org/abstract/document/6089847/,restricted,,SHA-256 matched prior reading record,displayed,6,sun2011design-paper-illustration | sun2011design-paper-slideshow,2026-09-08,"ERP-based Zhuyin selection produces traditional Chinese candidates, followed by character selection, paging and deletion.",基于事件相关电位选择注音符号，生成繁体汉字候选，再进行选字、翻页和删除。,ERPによる注音選択から繁体字候補を生成し、文字選択・ページ切替・削除を行う。,ERP 기반 주음 선택으로 번체 한자 후보를 생성하고 문자 선택·페이지 전환·삭제를 수행한다.
bi2012multilingual,Multilingual touchscreen keyboard design and optimization,"Bi, Xiaojun and Smith, Barton A and Zhai, Shumin",2012,Human–Computer Interaction,EN-B,zh,interaction,input_control_user_or_evaluation_evidence,https://www.tandfonline.com/doi/abs/10.1080/07370024.2012.678241,restricted,,SHA-256 matched prior reading record,displayed,18,bi2012multilingual-paper-illustration | bi2012multilingual-paper-slideshow,2026-09-08,Touchscreen layout optimization includes the Roman-letter portion of Pinyin; the Han-candidate phase is excluded and user testing uses English.,触屏布局优化涵盖拼音的罗马字母输入部分，不包含汉字候选环节，用户实验使用英文。,タッチ配列の最適化に拼音のローマ字部分を含む。漢字候補段階は対象外で、ユーザー実験は英語で行う。,터치 배열 최적화에 병음의 로마자 부분을 포함한다. 한자 후보 단계는 제외하며 사용자 실험은 영어로 진행한다.
liang2012eye,Eye typing of Chinese characters,"Liang, Zhen and Fu, Qiang and Chi, Zheru",2012,Proceedings of the Symposium on Eye Tracking Research and Applications,EN-A,zh,interaction,input_control_user_or_evaluation_evidence,https://doi.org/10.1145/2168556.2168604,network_error,,SHA-256 matched prior reading record,displayed,4,liang2012eye-paper-illustration | liang2012eye-paper-slideshow,2026-09-08,"Gaze selects Pinyin keys and Chinese phrase candidates, with paging, punctuation and backspace controls.",通过注视选择拼音按键及中文词组候选，并提供翻页、标点和退格功能。,視線で拼音キーと中国語句候補を選び、ページ切替・句読点・後退削除を操作する。,시선으로 병음 키와 중국어 구 후보를 선택하고 페이지 전환·문장 부호·백스페이스를 조작한다.
minett2012chinese,A Chinese text input brain–computer interface based on the P300 speller,"Minett, James W. and Zheng, Hong-Ying and Fong, Manson C-M. and Zhou, Lin and Peng, Gang and Wang, William S-Y.",2012,International Journal of Human-Computer Interaction,EN-A,zh,interaction,input_control_user_or_evaluation_evidence,https://www.tandfonline.com/doi/abs/10.1080/10447318.2011.622970,restricted,,SHA-256 matched prior reading record,displayed,6,minett2012chinese-paper-illustration | minett2012chinese-paper-slideshow,2026-09-08,Three-stage P300 selection composes traditional Chinese characters from components. The experimental protocol prohibits repairing component errors.,三阶段 P300 选择通过部件构成繁体汉字，实验协议禁止修正部件选择错误。,3段階のP300選択で構成要素から繁体字を合成する。実験では構成要素の誤りの修正を禁止した。,3단계 P300 선택으로 구성 요소를 조합해 번체 한자를 만든다. 실험에서는 구성 요소 오류 수정을 금지했다.
chen2013cursor,A cursor control based chinese-english BCI speller,"Chen, Conghui and Yang, Jing and Huang, Yanbing and Li, Jie and Xia, Bin",2013,Neural Information Processing,EN-B,zh,interaction,input_control_user_or_evaluation_evidence,https://link.springer.com/chapter/10.1007/978-3-642-42054-2_50,reachable,,SHA-256 matched prior reading record,displayed,5,chen2013cursor-paper-illustration | chen2013cursor-paper-slideshow,2026-09-08,Motor-imagery cursor control selects Pinyin letters; a Chinese IME converts them into Han text for messaging.,运动想象控制光标选择拼音字母，由中文输入法转换为汉字并用于消息发送。,運動想像でカーソルを動かして拼音字母を選び、中国語IMEで漢字へ変換してメッセージを作る。,운동 상상으로 커서를 움직여 병음 글자를 선택하고 중국어 IME로 한자로 변환하여 메시지를 작성한다.
hagiwara2013koosho,KooSHO: Japanese Text Input Environment based on Aerial Hand Writing,"Hagiwara, Masato and Masuko, Soh",2013,Proceedings of the 2013 NAACL HLT …,EN-A,ja,algorithms | interaction,joint_model_and_input_system,https://aclanthology.org/N13-3006/,reachable,https://aclanthology.org/N13-3006.pdf,SHA-256 matched prior reading record,displayed,4,hagiwara2013koosho-fig1 | hagiwara2013koosho-fig3 | hagiwara2013koosho-official-video | hagiwara2013koosho-figure-slideshow,2026-09-08,Aerial letter trajectories form a lattice; consonant decoding produces Kanji candidates that users touch to submit a search query.,空中字母轨迹形成词格，辅音解码生成汉字候选，用户触及候选后提交检索式。,空中で描く字母軌跡から格子を作り、子音の復号で漢字候補を生成する。利用者はタッチで検索語を確定する。,공중에 쓴 글자 궤적으로 격자를 만들고 자음 디코딩으로 한자 후보를 생성한다. 사용자는 터치로 검색어를 확정한다.
huang2013fastest,The fastest BCI for writing Chinese characters using brain waves,"Huang, T.W. and Tai, Y.H. and Tian, Y.J. and Sun, K.T.",2013,2013 Fourth Global Congress on Intelligent Systems,EN-B,zh,interaction,input_control_user_or_evaluation_evidence,https://ieeexplore.ieee.org/abstract/document/6805959/,restricted,,SHA-256 matched prior reading record,displayed,5,huang2013fastest-paper-illustration | huang2013fastest-paper-slideshow,2026-09-08,"Brain-wave selection enters Zhuyin before switching to Chinese candidates; the reported experiment measures item selections, not complete sentences.",通过脑电选择输入注音，再切换到汉字候选；报告的实验计量项目选择，并非完整句子输入。,脳波で注音を選んでから漢字候補へ切り替える。報告実験は文全体ではなく項目選択を測定する。,뇌파로 주음을 선택한 뒤 한자 후보로 전환한다. 보고된 실험은 전체 문장 대신 항목 선택을 측정한다.
yu2016brain,A P300-based brain–computer interface for Chinese character input,"Yu, Yang and Zhou, Zongtan and Yin, Erwei and Jiang, Jun and Liu, Yadong and Hu, Dewen",2016,International Journal of Human–Computer Interaction,EN-A,zh,interaction,input_control_user_or_evaluation_evidence,https://www.tandfonline.com/doi/abs/10.1080/10447318.2016.1203529,restricted,,SHA-256 matched prior reading record,displayed,5,yu2016brain-paper-illustration | yu2016brain-paper-slideshow,2026-09-08,"P300 selection moves from Pinyin initials and finals to frequency-ranked Han characters, with prediction, paging and repair controls.",P300 选择从拼音声母和韵母进入按频率排列的汉字候选，支持预测、翻页与修正。,P300で拼音の声母・韻母から頻度順の漢字へ進む。予測・ページ切替・修正の操作を備える。,P300으로 병음 성모·운모에서 빈도순 한자로 진행하며 예측·페이지 전환·수정을 지원한다.
han2017eighty,An eighty-target high-speed Chinese BCI speller,"Han, Chengcheng and Xu, Guanghua and Xie, Jun and Li, Min and Zhang, Sicong and Luo, Ailing",2017,2017 39th Annual International Conference of the IEEE Engineering in Medicine and Biology Society (EMBC),EN-B,zh,interaction,input_control_user_or_evaluation_evidence,https://ieeexplore.ieee.org/abstract/document/8037157/,restricted,,SHA-256 matched prior reading record,displayed,4,han2017eighty-paper-illustration | han2017eighty-paper-slideshow,2026-09-08,"An eighty-target brain speller first selects a Pinyin range, then a Chinese homophone candidate, with extra commands for correction.",八十目标脑控拼写器先选择拼音范围，再选择同音汉字候选，并以额外命令纠错。,80標的の脳波スペラーでまず拼音範囲、次に同音漢字候補を選び、修正用の追加命令を備える。,80개 표적의 뇌파 스펠러에서 병음 범위를 고른 뒤 동음 한자 후보를 선택하며 추가 교정 명령을 지원한다.
gan2020air,In-air handwritten Chinese text recognition with temporal convolutional recurrent network,"Gan, Ji and Wang, Weiqiang and Lu, Ke",2020,Pattern Recognition,EN-B,zh,algorithms,conversion_recognition_data_or_infrastructure,https://www.sciencedirect.com/science/article/pii/S0031320319303280,restricted,,SHA-256 matched prior reading record,displayed,15,gan2020air-paper-illustration | gan2020air-paper-slideshow,2026-09-08,"Continuous in-air Chinese handwriting is projected and decoded into text using temporal convolution, recurrent modeling and a language model.",连续空中中文手写经投影后，结合时序卷积、循环建模及语言模型解码为文本。,連続した空中の中国語手書きを投影し、時間畳み込み・再帰モデル・言語モデルで文字列に復号する。,연속 공중 중국어 필기를 투영하고 시간 합성곱·순환 모델·언어 모델로 텍스트를 디코딩한다.
li2020approach,An approach to detecting ErrP elicited by feedback of P300 Speller BCI based on coefficients of determination,"Li, Ting and Huang, Zhihua",2020,"2020 13th International Congress on Image and Signal Processing, BioMedical Engineering and Informatics (CISP-BMEI)",EN-B,zh,algorithms | interaction,joint_model_and_input_system,https://ieeexplore.ieee.org/abstract/document/9263583/,restricted,,SHA-256 matched prior reading record,displayed,5,li2020approach-paper-illustration | li2020approach-paper-slideshow,2026-09-08,The study detects error-related brain responses during Pinyin-component spelling; it does not demonstrate automatic repair of final Han text.,研究检测拼音组件拼写中的错误相关脑反应，未展示最终汉字文本的自动修正。,拼音構成要素の入力時に生じる誤り関連脳反応を検出する。最終漢字の自動修正は実証しない。,병음 구성 요소 입력 중 오류 관련 뇌 반응을 검출한다. 최종 한자 텍스트의 자동 교정은 입증하지 않는다.
shi2020steady,Steady-state visual evoked potential (SSVEP)-based brain–computer interface (BCI) of Chinese speller for a patient with amyotrophic lateral sclerosis: A case …,"Shi, Nanlin and Wang, Liping and Chen, Yonghao and Yan, Xinyi and Yang, Chen and Wang, Yijun and Gao, Xiaorong",2020,Journal of Neurorestoratology,EN-B,zh,interaction,input_control_user_or_evaluation_evidence,https://www.sciencedirect.com/science/article/pii/S2324242622000110,restricted,,SHA-256 matched prior reading record,displayed,4,shi2020steady-paper-illustration | shi2020steady-paper-slideshow,2026-09-08,An SSVEP interface combines Pinyin entry and Han-candidate selection for home communication by a person with ALS.,SSVEP 界面结合拼音输入与汉字候选选择，支持一名 ALS 患者在家中交流。,SSVEP画面で拼音入力と漢字候補選択を組み合わせ、ALS当事者の家庭内コミュニケーションを支援する。,SSVEP 인터페이스로 병음 입력과 한자 후보 선택을 결합하여 ALS 당사자의 가정 내 소통을 지원한다.
guo2021calibration,A calibration-free P300 BCI system using an on-line updating classifier based on reinforcement learning,"Guo, Jiannan and Huang, Zhihua",2021,"2021 14th International Congress on Image and Signal Processing, BioMedical Engineering and Informatics (CISP-BMEI)",EN-B,zh,algorithms | interaction,joint_model_and_input_system,https://ieeexplore.ieee.org/abstract/document/9624451/,restricted,,SHA-256 matched prior reading record,displayed,5,guo2021calibration-paper-illustration | guo2021calibration-paper-slideshow,2026-09-08,"An updating P300 classifier supports cued Pinyin and Chinese-word selections, using known copy targets as rewards.",动态更新的 P300 分类器支持提示条件下的拼音及中文词语选择，并以已知抄录目标提供奖励。,更新型P300分類器が指定された拼音と中国語単語の選択を支援し、既知の転記対象を報酬として用いる。,갱신형 P300 분류기가 지정된 병음과 중국어 단어 선택을 지원하며 알려진 전사 대상을 보상으로 사용한다.
ogata2021effectiveness,Effectiveness of an eye-gaze controlled typing system for the japanese syllabary,"Ogata, Kohichi and Inoue, Shuto",2021,"… Journal of Innovative Computing, Information and …",EN-B,ja,interaction,input_control_user_or_evaluation_evidence,http://www.ijicic.org/ijicic-170201.pdf,pdf_response,http://www.ijicic.org/ijicic-170201.pdf,SHA-256 matched prior reading record,displayed,12,ogata2021effectiveness-paper-illustration | ogata2021effectiveness-paper-slideshow,2026-09-08,"Gaze-controlled Romaji keys send Japanese kana to text editors, including modifiers and deletion; Kanji conversion is not evaluated.",眼控罗马字按键将日文假名发送至文本编辑器，并支持修饰与删除；未评估汉字转换。,視線操作のローマ字キーから日本語の仮名をエディターへ送り、修飾と削除も行う。漢字変換は評価しない。,시선으로 조작하는 로마자 키로 일본어 가나를 편집기에 입력하며 수정 기호와 삭제를 지원한다. 한자 변환은 평가하지 않는다.
huang2022calibration,A calibration-free approach to implementing P300-based brain–computer interface,"Huang, Zhihua and Guo, Jiannan and Zheng, Wenming and Wu, Yingjie and Lin, Zhixiong and Zheng, Huiru",2022,Cognitive Computation,EN-B,zh,algorithms | interaction,joint_model_and_input_system,https://link.springer.com/article/10.1007/s12559-021-09971-1,reachable,,SHA-256 matched prior reading record,displayed,9,huang2022calibration-paper-illustration | huang2022calibration-paper-slideshow,2026-09-08,"A transfer-based P300 classifier selects Pinyin initials, finals and tones under cued spelling; free-composition correction is not demonstrated.",基于迁移的 P300 分类器在提示式拼写中选择拼音声母、韵母和声调，未展示自由表达中的纠错。,転移型P300分類器が指示入力で拼音の声母・韻母・声調を選ぶ。自由作文での修正は実証しない。,전이 기반 P300 분류기가 지정 입력에서 병음 성모·운모·성조를 선택한다. 자유 작문의 교정은 입증하지 않는다.
li2022practical,A practical hybrid BCI speller for Chinese Character Input: Integrating an Eye Tracker into a P300-Based Spelling approach,"Li, Hao and Fang, Xun and Ye, Zeqi and Chu, Xingxing and Lu, Gai and Yu, Yang",2022,Proceedings of the 5th International Conference on Computer Science and Software Engineering,EN-B,zh,interaction,input_control_user_or_evaluation_evidence,https://dl.acm.org/doi/abs/10.1145/3569966.3570046,restricted,,SHA-256 matched prior reading record,displayed,3,li2022practical-paper-illustration | li2022practical-paper-slideshow,2026-09-08,P300 selects Pinyin initials and finals; eye tracking then selects the Chinese character from a homophone list.,P300 选择拼音声母和韵母，随后由眼动从同音字列表中选择汉字。,P300で拼音の声母と韻母を選び、続いて視線で同音字一覧から漢字を選ぶ。,P300으로 병음 성모와 운모를 선택한 뒤 시선 추적으로 동음자 목록에서 한자를 고른다.
tang2022interface,The Interface Design of Chinese Input Keyboard Applied to Eye Movement Control System,"Tang, L. and Chen, Y. and Huang, Z. and Chen, Q.",2022,Applied Human Factors and Ergonomics International,EN-B,zh,interaction,input_control_user_or_evaluation_evidence,https://doi.org/10.54941/ahfe1001062,reachable,,SHA-256 matched prior reading record,displayed,3,tang2022interface-paper-illustration | tang2022interface-paper-slideshow,2026-09-08,Three gaze-controlled Chinese keyboard layouts are compared through daily-sentence entry with dwell selection and permitted corrections.,通过允许纠错的日常句子输入任务，比较三种采用停留选择的眼控中文键盘布局。,注視選択と修正を許可した日常文入力により、3種類の視線操作中国語キーボード配列を比較する。,응시 선택과 교정을 허용한 일상 문장 입력으로 세 가지 시선 제어 중국어 키보드 배열을 비교한다.
gao2024character,A P300 Character Correction Algorithm Based on Hidden Markov Model,"Gao, Ruochen and Ke, Jingshuang and Chen, Qingzhi and Huang, Zhihua",2024,2024 7th Asia Conference on Cognitive Engineering and Intelligent lnteraction (CEII),EN-B,zh,algorithms | interaction,joint_model_and_input_system,https://ieeexplore.ieee.org/abstract/document/11037916/,restricted,,SHA-256 matched prior reading record,displayed,4,gao2024character-paper-illustration | gao2024character-paper-slideshow,2026-09-08,A hidden Markov model corrects Pinyin-symbol sequences from a P300 speller; final Han-candidate confirmation is not shown.,隐马尔可夫模型纠正 P300 拼写器产生的拼音符号序列，未展示最终汉字候选确认。,隠れマルコフモデルでP300スペラーの拼音記号列を修正する。最終漢字候補の確定は示さない。,은닉 마르코프 모델로 P300 스펠러의 병음 기호열을 교정한다. 최종 한자 후보 확정은 제시하지 않는다.
hosono2024segmentation,Segmentation and Recognition of Aerial Handwritten Hiragana,"Hosono, Kotaro and Ito, Shin-Ici and Ito, Momoyo and Fukumi, Minoru",2024,2024 International Conference on Intelligent Cybernetics Technology &amp; Applications (ICICyTA),EN-B,ja,algorithms,conversion_recognition_data_or_infrastructure,https://ieeexplore.ieee.org/abstract/document/10913043/,restricted,,SHA-256 matched prior reading record,displayed,10,hosono2024segmentation-paper-illustration | hosono2024segmentation-paper-slideshow,2026-09-08,"Aerial hiragana trajectories are segmented and recognized into strings, evaluated on fixed syllabary sequences.",将空中平假名轨迹分割并识别为字符串，以固定音节表序列进行评估。,空中のひらがな軌跡を分割して文字列として認識し、固定された五十音列で評価する。,공중 히라가나 궤적을 분할하여 문자열로 인식하고 고정된 오십음도 순서로 평가한다.
tong2024eye,Eye Strokes: An Eye-gaze Drawing System for Mandarin Characters,"Tong, D. C. W.",2024,Proceedings of the ACM on Computer Graphics and Interactive Techniques,EN-B,zh,interaction,input_control_user_or_evaluation_evidence,https://doi.org/10.1145/3654702,restricted,,SHA-256 matched prior reading record,displayed,12,tong2024eye-fig1 | tong2024eye-figure-slideshow,2026-09-08,"Eye movements draw strokes for a limited Mandarin character set; the tested single characters include 一, 十 and 床.",通过眼动绘制有限字集中的汉字笔画，测试的单字包括“一”“十”和“床”。,眼球運動で限定された中国語文字集合の筆画を描く。単字実験には一・十・床が含まれる。,눈 움직임으로 제한된 중국어 문자 집합의 획을 그린다. 단일 문자 실험에는 一·十·床이 포함된다.
yang2024reconstructing,Reconstructing multi-stroke characters from brain signals toward generalizable handwriting brain–computer interfaces,"Yang, Xiaomeng and Xiong, Xinzhu and Li, Xufei and Lian, Qi and Zhu, Junming and Zhang, Jianmin and Qi, Yu and Wang, Yueming",2024,IEEE Transactions on Neural Systems and Rehabilitation Engineering,EN-B,zh,algorithms | interaction,joint_model_and_input_system,https://ieeexplore.ieee.org/abstract/document/10745614/,restricted,,SHA-256 matched prior reading record,displayed,5,yang2024reconstructing-paper-illustration | yang2024reconstructing-paper-slideshow,2026-09-08,"Brain signals reconstruct imagined Chinese handwriting trajectories using externally supplied stroke transitions, followed by template and language-model decoding.",脑信号结合外部提供的笔画转换时点重建想象的汉字手写轨迹，随后使用模板与语言模型解码。,外部から与えた筆画遷移を使い、脳信号から想像した中国語手書き軌跡を再構成して、テンプレートと言語モデルで復号する。,외부에서 주어진 획 전환을 사용하여 뇌 신호로 상상한 중국어 필기 궤적을 재구성하고 템플릿과 언어 모델로 디코딩한다.
wu2025mind,Mind-Pinyin Speller: A Non-Invasive Brain-Computer Interface for Efficient Chinese Character Input Using EEG-Based Imagined Handwriting,"Wu, Lingyu and Jung, Tzyy-Ping and Li, Xiaojian and Zhou, Yanhong and Wan, Xianglong and Jiao, Wenlong and Xie, Xueguang and Duan, Dingna and Liu, Tiange and Yu, Hao and Li, Danyang and Li, Xiaoling and Wu, Zhenzhen and Wang, Jing and Song, Haiqing and Wen, Dong",2026,Expert Systems with Applications,EN-B,zh,algorithms | interaction,joint_model_and_input_system,https://www.sciencedirect.com/science/article/pii/S0957417425036140,restricted,,SHA-256 matched prior reading record,displayed,14,wu2025mind-paper-illustration | wu2025mind-paper-slideshow,2026-09-08,Imagined handwriting is classified into isolated Pinyin components; homophone choice and final Han-character composition are not evaluated.,将想象手写分类为独立拼音组件，未评估同音字选择及最终汉字组合。,想像した手書きを個別の拼音構成要素へ分類する。同音字の選択と最終漢字の合成は評価しない。,상상한 필기를 개별 병음 구성 요소로 분류한다. 동음자 선택과 최종 한자 조합은 평가하지 않는다.
ahn2026cheonjiin,A Cheonjiin Layout Mental Speller: Developing a Simple and Cost-Effective EEG-Based Brain–Computer Interface System,"Ahn, J. W. and Yu, G. Y. and Kim, S. W. and Seok, Y. S. and Byun, K. M. and Choi, S. H.",2026,Sensors,EN-B,ko,algorithms | interaction,joint_model_and_input_system,https://www.mdpi.com/1424-8220/26/7/2265,restricted,,SHA-256 matched prior reading record,displayed,9,ahn2026cheonjiin-fig2 | ahn2026cheonjiin-figure-slideshow,2026-09-08,EEG signals select five cursor commands on a Cheonjiin keyboard to compose Hangul; command accuracy is distinct from text-entry accuracy.,脑电信号选择 Cheonjiin 键盘上的五种光标命令以组合 Hangul；命令准确率与文字输入准确率不同。,EEGで5種類のカーソル命令を選び、CheonjiinキーボードでHangulを合成する。命令精度と文字入力精度を区別する。,EEG로 다섯 가지 커서 명령을 선택하여 천지인 키보드에서 한글을 조합한다. 명령 정확도와 문자 입력 정확도를 구분한다.
li2026asynchronous,An asynchronous Chinese speller integrating eye tracking and large language models into a reactive BCI,"Li, Hao and Yu, Yang and Zhang, Yifan and Chen, Xin and Zhou, Liang and Liu, Jinfang and Zhang, Ming and Zeng, Ling-Li and Hu, Dewen",2026,Science China Information Sciences,EN-B,zh,algorithms | interaction,joint_model_and_input_system,https://www.sciengine.com/doi/pdf/E8AC80B8F1394C5A9AD1AB2B9D474F4B,restricted,,SHA-256 matched prior reading record,displayed,9,li2026asynchronous-paper-illustration | li2026asynchronous-paper-slideshow,2026-09-08,"Gaze and P300 signals support initial, final and Han-character selection, supplemented by contextual predictions from a language model.",眼动与 P300 信号支持声母、韵母和汉字选择，并由语言模型提供上下文预测。,視線とP300で声母・韻母・漢字を選び、言語モデルの文脈予測で補う。,시선과 P300으로 성모·운모·한자를 선택하고 언어 모델의 문맥 예측으로 보완한다.
wang2026eeg,An EEG dataset for handwriting imagery decoding of Chinese character strokes and Pinyin single vowels,"Wang, Fan and Chen, Yanxiao and Wang, Peng and Gong, Anmin and Xu, Jiaping and Fu, Yunfa",2026,Scientific Data,EN-B,zh,algorithms,conversion_recognition_data_or_infrastructure,https://www.nature.com/articles/s41597-026-06708-3,reachable,,SHA-256 matched prior reading record,displayed,9,wang2026eeg-paper-illustration | wang2026eeg-paper-slideshow,2026-09-08,The dataset records imagined Chinese strokes and Pinyin vowels. It does not demonstrate complete character composition or online spelling.,数据集记录想象中的汉字笔画及拼音元音，未展示完整汉字组合或在线拼写。,想像した中国語の筆画と拼音母音を記録したデータセットである。文字全体の合成やオンライン入力は実証しない。,상상한 중국어 획과 병음 모음을 기록한 데이터셋이다. 완전한 문자 조합이나 온라인 입력은 입증하지 않는다.
komiya2017japanese,A Japanese input method using leap motion in virtual reality,"Komiya, Kosuke and Nakajima, Tatsuo",2017,2017 Tenth International Conference on Mobile Computing and Ubiquitous Network (ICMU),EN-B,ja,interaction,input_control_user_or_evaluation_evidence,https://ieeexplore.ieee.org/abstract/document/8330085/,restricted,,SHA-256 matched prior reading record,displayed,2,komiya2017japanese-paper-illustration | komiya2017japanese-paper-slideshow,2026-09-08,"Finger flexion and extension select Japanese consonants and vowels in VR, producing kana with a separate deletion gesture.",在 VR 中，通过手指屈伸选择日语辅音与元音以生成假名，并以独立手势删除。,VRで指の屈曲と伸展により子音と母音を選んで仮名を作り、別のジェスチャーで削除する。,VR에서 손가락 굽힘과 폄으로 자음과 모음을 선택해 가나를 만들고 별도 제스처로 삭제한다.
ogitani2018space,Space saving text input method for head mounted display with virtual 12-key keyboard,"Ogitani, Taihei and Arahori, Yoshitaka and Shinyama, Yusuke and Gondow, Katsuhiko",2018,2018 IEEE 32nd International Conference on Advanced Information Networking and Applications (AINA),EN-B,ja,interaction,input_control_user_or_evaluation_evidence,https://ieeexplore.ieee.org/abstract/document/8432261/,restricted,,SHA-256 matched prior reading record,displayed,13,ogitani2018space-paper-illustration | ogitani2018space-paper-slideshow,2026-09-08,A virtual twelve-key keyboard supports Japanese kana and English entry through mid-air or palm-based flick gestures.,虚拟十二键键盘通过空中或掌上滑动手势，支持日文假名和英文输入。,仮想12キーを空中または手のひら上のフリックで操作し、日本語の仮名と英語を入力する。,가상 12키를 공중 또는 손바닥 위 플릭으로 조작하여 일본어 가나와 영어를 입력한다.
yang2018interaction,Interaction with three-dimensional gesture and character input in virtual reality: recognizing gestures in different directions and improving user input,"Yang, J. and Wang, Y. and Lv, Z. and Jiang, N. and others",2018,IEEE Consumer …,EN-B,zh,algorithms | interaction,joint_model_and_input_system,https://ieeexplore.ieee.org/abstract/document/8287029/,restricted,,SHA-256 matched prior reading record,displayed,13,yang2018interaction-paper-illustration | yang2018interaction-paper-slideshow,2026-09-08,Gesture recognition separates writing from repositioning; projected three-dimensional trajectories are passed to a Chinese handwriting recognizer.,手势识别区分书写与重新定位，再将三维轨迹投影后交由中文手写识别器处理。,ジェスチャー認識で筆記と移動を分け、投影した3次元軌跡を中国語手書き認識器へ渡す。,제스처 인식으로 필기와 위치 이동을 구분하고 투영된 3차원 궤적을 중국어 필기 인식기에 전달한다.
kato2023hover,Hover-Based Japanese Input Method without Restricting Arm Position for XR,"Kato, Shingo and Shizuki, Buntarou",2023,Proceedings of the 35th Australian Computer-Human Interaction Conference,EN-B,ja,interaction,input_control_user_or_evaluation_evidence,https://doi.org/10.1145/3638380.3638405,restricted,,SHA-256 matched prior reading record,displayed,7,kato2023hover-paper-illustration | kato2023hover-paper-slideshow,2026-09-08,A wrist camera detects hovering fingertips for dwell-based kana selection while allowing the arm to remain lowered.,腕部摄像头检测悬停指尖，以停留方式选择假名，并允许手臂保持低位。,手首カメラで空中の指先を検出し、腕を下げたまま滞留操作で仮名を選ぶ。,손목 카메라로 떠 있는 손끝을 감지하여 팔을 내린 상태에서 머무르기로 가나를 선택한다.
monobe2025research,Research for Japanese Input Method using Flick in Virtual Reality,"Monobe, Kantaro and Ohishi, Masaki",2025,"2025 4th Asia Conference on Algorithms, Computing and Machine Learning (CACML)",EN-B,ja,interaction,input_control_user_or_evaluation_evidence,https://doi.org/10.1109/cacml64929.2025.11010978,reachable,,SHA-256 matched prior reading record,displayed,13,monobe2025research-paper-illustration | monobe2025research-paper-slideshow,2026-09-08,"Touch, pinch and flick actions operate a Japanese kana keyboard in VR, with modifiers and deletion controls.",触碰、捏合及滑动操作 VR 日文假名键盘，并支持修饰符和删除。,VR仮名キーボードをタッチ・ピンチ・フリックで操作し、修飾と削除も行う。,터치·핀치·플릭으로 VR 가나 키보드를 조작하며 수정 기호와 삭제를 지원한다.
yuasa2025flickpose,FlickPose: A Hand Tracking-Based Text Input System for Mobile Users Wearing Smart Glasses,"Yuasa, Ryo and Nagao, Katashi",2025,Applied Sciences,EN-B,ja,algorithms | interaction,joint_model_and_input_system,https://www.mdpi.com/2076-3417/15/15/8122,restricted,,SHA-256 matched prior reading record,displayed,15,yuasa2025flickpose-fig3 | yuasa2025flickpose-fig5 | yuasa2025flickpose-fig2 | yuasa2025flickpose-video | yuasa2025flickpose-figure-slideshow,2026-09-08,One hand selects a key and the other selects a symbol through hand poses; dictionary-based kana–Kanji conversion produces Japanese text.,一只手选键，另一只手通过手势选字符，再由基于词典的假名转汉字生成日文文本。,片手でキー、もう片手の姿勢で記号を選ぶ。辞書による仮名漢字変換で日本語の文字列を作る。,한 손으로 키를 고르고 다른 손 자세로 문자를 선택한다. 사전 기반 가나–한자 변환으로 일본어 텍스트를 만든다.
chen2000statistical,A new statistical approach to Chinese Pinyin input,"Chen, Zheng and Lee, Kai-Fu",2000,Proceedings of the 38th Annual Meeting on Association for Computational Linguistics - ACL '00,EN-A,zh,algorithms,conversion_recognition_data_or_infrastructure,https://aclanthology.org/P00-1031/,reachable,https://aclanthology.org/P00-1031.pdf,SHA-256 matched prior reading record,displayed,1,chen2000statistical-paper-illustration | chen2000statistical-paper-slideshow,2026-09-08,Statistical Pinyin-to-Chinese conversion combines a language model with spelling tolerance and modeless English entry.,统计拼音转汉字结合语言模型、拼写容错及无模式切换的英文输入。,統計的な拼音漢字変換に言語モデル、綴り誤りの許容、モード切替不要の英語入力を組み合わせる。,"통계적 병음–한자 변환에 언어 모델, 철자 오류 허용, 모드 전환 없는 영어 입력을 결합한다."
wang2001chinese,Chinese input with keyboard and eye-tracking: an anatomical study,"Wang, Jingtao and Zhai, Shumin and Su, Hui",2001,Proceedings of the SIGCHI conference on Human …,EN-A,zh,interaction,input_control_user_or_evaluation_evidence,https://dl.acm.org/doi/abs/10.1145/365024.365298,restricted,,SHA-256 matched prior reading record,displayed,5,wang2001chinese-paper-illustration | wang2001chinese-paper-slideshow,2026-09-08,Keyboard and eye-tracking methods are compared for Chinese candidate selection in a single-character dictation task.,通过单字听写任务，比较键盘和眼动两种汉字候选选择方式。,単一漢字の書き取りで、キーボードと視線による中国語候補選択を比較する。,한자 한 글자 받아쓰기에서 키보드와 시선 기반 중국어 후보 선택을 비교한다.
liu2002approach,An approach to machine learning of Chinese Pinyin-to-character conversion for small-memory application,"Liu, B. Q. and Wang, X. L.",2002,Proceedings. International Conference on Machine Learning and Cybernetics,EN-B,zh,algorithms,conversion_recognition_data_or_infrastructure,https://ieeexplore.ieee.org/abstract/document/1167411/,restricted,,SHA-256 matched prior reading record,displayed,3,liu2002approach-paper-illustration | liu2002approach-paper-slideshow,2026-09-08,A small-memory Pinyin converter learns real and artificial word entries to improve tonal Pinyin-to-character conversion.,小内存拼音转换器学习真实词与构造词条，以改进带声调拼音转汉字。,小容量の拼音変換器が実単語と人工的な語を学習し、声調付き拼音から漢字への変換を改善する。,소용량 병음 변환기가 실제 단어와 인공 단어 항목을 학습하여 성조 병음–한자 변환을 개선한다.
lo2002cross,Cross platform CJK input method engine,"Lo, C. W. and Lu, Q. and Ng, K. T.",2002,"IEEE International Conference on Systems, Man and Cybernetics",EN-B,zh,algorithms | interaction,joint_model_and_input_system,https://ieeexplore.ieee.org/abstract/document/1175680/,restricted,,SHA-256 matched prior reading record,displayed,5,lo2002cross-paper-illustration | lo2002cross-paper-slideshow,2026-09-08,"A cross-platform engine demonstrates Cangjie and simplified shape-code input, with prefix hints, numbered candidates and browser glyph images.",跨平台引擎演示仓颉及简易形码输入，提供前缀提示、数字候选选择和浏览器字形图片。,クロスプラットフォームのエンジンが倉頡と簡略形状コード入力を示す。接頭部のヒント、番号付き候補、ブラウザーの字形画像を備える。,"크로스 플랫폼 엔진으로 창힐과 간소화 형태 코드 입력을 제시한다. 접두 힌트, 번호 후보, 브라우저 글리프 이미지를 제공한다."
matic2002quickstroke,QuickStroke: an incremental on-line Chinese handwriting recognition system,"Matic, N.P. and Platt, J.C. and Wang, T.",2002,Object recognition supported by user interaction for service robots,EN-B,zh,algorithms | interaction,joint_model_and_input_system,https://ieeexplore.ieee.org/abstract/document/1047941/,restricted,,SHA-256 matched prior reading record,displayed,4,matic2002quickstroke-paper-illustration | matic2002quickstroke-paper-slideshow,2026-09-08,"Chinese handwriting candidates update after each additional stroke, allowing selection before the character is fully written.",每增加一笔便更新汉字手写候选，用户可在写完全部笔画前选择目标字。,筆画を加えるたびに中国語手書き候補を更新し、文字を最後まで書く前に選択できる。,획을 추가할 때마다 중국어 필기 후보를 갱신하여 글자를 완성하기 전에 선택할 수 있다.
huang2004adaptive,Adaptive compression-based approach for Chinese pinyin input,"Huang, Jin Hu and Powers, David",2004,… of the Third SIGHAN Workshop on …,EN-B,zh,algorithms,conversion_recognition_data_or_infrastructure,https://aclanthology.org/W04-1104/,reachable,https://aclanthology.org/W04-1104.pdf,SHA-256 matched prior reading record,displayed,0,huang2004adaptive-paper-illustration | huang2004adaptive-paper-slideshow,2026-09-08,"Compression-based statistical modeling adapts Pinyin-to-Chinese conversion across news and story text, assuming one pronunciation per character.",基于压缩的统计建模使拼音转汉字适应新闻和故事文本，模型假定每字仅有一种读音。,圧縮に基づく統計モデルがニュースと物語の拼音漢字変換に適応する。1文字につき1つの読みを仮定する。,압축 기반 통계 모델이 뉴스와 이야기의 병음–한자 변환에 적응하며 글자당 하나의 발음을 가정한다.
xiaolong2004mining,Mining Pinyin-to-character conversion rules from large-scale corpus: a rough set approach,"Xiaolong, W. and Qingcai, C. and Yeung, D.S.",2004,"IEEE Transactions on Systems, Man and Cybernetics, Part B (Cybernetics)",EN-B,zh,algorithms,conversion_recognition_data_or_infrastructure,https://ieeexplore.ieee.org/abstract/document/1275519/,restricted,,SHA-256 matched prior reading record,displayed,3,xiaolong2004mining-paper-illustration | xiaolong2004mining-paper-slideshow,2026-09-08,"Rough-set rules learned from corpus contexts convert segmented toneless Pinyin into Chinese, allowing unresolved cases to remain undecided.",由语料上下文学习粗糙集规则，将已分音节的无调拼音转换为汉字，并允许对未解决的情况保留判断。,コーパス文脈から学習したラフ集合規則で、分割済みの声調なし拼音を漢字へ変換する。解決できない場合は保留できる。,코퍼스 문맥에서 학습한 러프 집합 규칙으로 분할된 무성조 병음을 한자로 변환하며 미해결 사례는 보류한다.
ge2005online,Online Chinese character recognition system with handwritten Pinyin input,"Ge, Y. and Guo, F. J. and Zhen, L. X. and Chen, Q. S.",2005,Eighth International Conference on Document Analysis and Recognition (ICDAR'05),EN-B,zh,algorithms | interaction,joint_model_and_input_system,https://ieeexplore.ieee.org/abstract/document/1575745/,restricted,,SHA-256 matched prior reading record,displayed,7,ge2005online-paper-illustration | ge2005online-paper-slideshow,2026-09-08,A handwriting interface accepts Chinese characters or Pinyin syllables; recognized Pinyin opens a frequency-ranked Han-candidate list.,手写界面接受汉字或拼音音节，识别出的拼音用于打开按频率排列的汉字候选列表。,手書きで漢字または拼音音節を受け付け、拼音と認識すると頻度順の漢字候補を開く。,한자나 병음 음절의 필기를 받아들이며 병음으로 인식되면 빈도순 한자 후보 목록을 연다.
lin2005graphics,Graphics matter: a case study of mobile phone keypad design for chinese input,"Lin, Min and Sears, Andrew",2005,CHI '05 Extended Abstracts on Human Factors in Computing Systems,EN-A,zh,interaction,input_control_user_or_evaluation_evidence,https://dl.acm.org/doi/abs/10.1145/1056808.1056974,restricted,,SHA-256 matched prior reading record,displayed,5,lin2005graphics-paper-illustration | lin2005graphics-paper-slideshow,2026-09-08,"Graphical keypad labels are compared for stroke-based Chinese entry, using both mobile typing and stroke-to-key mapping tasks.",通过手机输入及笔画到按键映射任务，比较中文笔画输入键盘上的图形标签。,中国語の筆画入力に使う図形的なキーラベルを、携帯入力と筆画・キー対応課題で比較する。,모바일 입력과 획–키 대응 과제로 중국어 획 입력용 그래픽 키 라벨을 비교한다.
tsai2005applying,Applying a Mix Word-Pair Identifier to the Chinese Syllable-to-Word Conversion Problem,"Tsai, J. L.",2005,Ijcnlp 2005 2nd International Joint Conference on Natural Language Processing Companion Volume to the Proceedings of Conference Including Posters Demos and Tutorial Abstracts,EN-B,zh,algorithms,conversion_recognition_data_or_infrastructure,https://aclanthology.org/I05-2010/,reachable,https://aclanthology.org/I05-2010.pdf,SHA-256 matched prior reading record,displayed,0,tsai2005applying-paper-illustration | tsai2005applying-paper-slideshow,2026-09-08,A mix word-pair identifier resolves phonetic and segmentation ambiguities by replacing selected words in converted Chinese sentences.,混合词对识别器通过替换已转换中文句子中的选定词语，消解读音及分词歧义。,混合単語対の識別器で変換済み中国語文の一部の語を置換し、音韻と分割の曖昧性を解く。,혼합 단어쌍 식별기로 변환된 중국어 문장의 일부 단어를 대체하여 발음 및 분할의 모호성을 해소한다.
tsai2005word,Using word-pair identifier to improve Chinese input system,"Tsai, J. L.",2005,Sighan@ijcnlp 2005 4th Sighan Workshop on Chinese Language Processing Proceedings of the Workshop,EN-B,zh,algorithms,conversion_recognition_data_or_infrastructure,https://aclanthology.org/I05-3002/,reachable,https://aclanthology.org/I05-3002.pdf,SHA-256 matched prior reading record,displayed,0,tsai2005word-paper-illustration | tsai2005word-paper-slideshow,2026-09-08,Word-pair co-occurrence helps disambiguate tonal or toneless syllables during traditional Chinese input.,词对共现信息用于消解繁体中文输入中带调或无调音节的歧义。,単語対の共起を使い、繁体字入力で声調付き・声調なし音節の曖昧性を解く。,단어쌍 공기를 활용하여 번체 한자 입력에서 성조 유무에 따른 음절의 모호성을 해소한다.
hsu2006spoken,Spoken correction for chinese text entry,"Hsu, Bo-June Paul and Glass, James",2006,Chinese Spoken Language Processing,EN-B,zh,algorithms | interaction,joint_model_and_input_system,https://link.springer.com/chapter/10.1007/11939993_66,reachable,,SHA-256 matched prior reading record,displayed,2,hsu2006spoken-paper-illustration | hsu2006spoken-paper-slideshow,2026-09-08,"Spoken character descriptions constrain recognition to correct Zhuyin-based Chinese input, either replacing text or narrowing candidates.",口述汉字描述约束识别范围，用于修正基于注音的中文输入，可直接替换文字或缩小候选范围。,文字の説明を発話して認識を制約し、注音による中国語入力を置換または候補の絞り込みで修正する。,글자 설명을 발화하여 인식을 제약하고 텍스트 대체나 후보 축소로 주음 기반 중국어 입력을 교정한다.
liu2006application,Application of Quotient Space Granularity Computation Theory in Pinyin-Chinese Character Conversion,"Liu, Zheng-yi and Gong, Jian-cheng and Wu, Jian-guo",2006,2006 International Conference on Machine Learning and Cybernetics,EN-B,zh,algorithms,conversion_recognition_data_or_infrastructure,https://ieeexplore.ieee.org/abstract/document/4028514/,restricted,,SHA-256 matched prior reading record,displayed,2,liu2006application-paper-illustration | liu2006application-paper-slideshow,2026-09-08,"A coarsened Pinyin candidate lattice is decoded with lexical models, then refined using grammar and semantic information.",先简化拼音候选词格并以词汇模型解码，再利用语法及语义信息细化结果。,粗くまとめた拼音候補格子を語彙モデルで復号し、文法と意味情報で精密化する。,거칠게 축약한 병음 후보 격자를 어휘 모델로 디코딩한 뒤 문법과 의미 정보로 정교화한다.
tsai2006word,Using word support model to improve Chinese input system,"Tsai, J. L.",2006,Coling Acl 2006 21st International Conference on Computational Linguistics and 44th Annual Meeting of the Association for Computational Linguistics Proceedings of the Main Conference Poster Sessions,EN-A,zh,algorithms,conversion_recognition_data_or_infrastructure,https://doi.org/10.3115/1273073.1273181,restricted,,SHA-256 matched prior reading record,displayed,0,tsai2006word-paper-illustration | tsai2006word-paper-slideshow,2026-09-08,Support scores from matching multisyllabic word pairs rank replacements to resolve Chinese syllable-to-word ambiguity.,根据匹配的多音节词对计算支持度，对替换词排序，以消解中文音节转词歧义。,一致する複数音節の単語対から支持得点を計算し、置換候補を順位付けして中国語の音節・単語曖昧性を解く。,일치하는 다음절 단어쌍의 지지 점수로 대체 후보 순위를 매겨 중국어 음절–단어 모호성을 해소한다.
tseng2006chinese,Chinese input method based on reduced Mandarin phonetic alphabet,"Tseng, C. H.",2006,Proceedings of the Annual Conference of the International Speech Communication Association Interspeech,EN-B,zh,algorithms,conversion_recognition_data_or_infrastructure,https://www.isca-archive.org/interspeech_2006/tseng06_interspeech.html,reachable,https://www.isca-archive.org/interspeech_2006/tseng06_interspeech.pdf,SHA-256 matched prior reading record,displayed,2,tseng2006chinese-paper-illustration | tseng2006chinese-paper-slideshow,2026-09-08,Reduced first-symbol phonetic input is assessed through language-model uncertainty; decoded Chinese entry is not directly evaluated.,通过语言模型的不确定性评估首符号简化注音输入，未直接评估解码后的中文输入。,先頭音韻記号だけを使う縮約入力を言語モデルの不確実性で評価する。復号した漢字入力は直接評価しない。,첫 음성 기호만 사용하는 축약 입력을 언어 모델의 불확실성으로 평가한다. 디코딩된 한자 입력은 직접 평가하지 않는다.
wang2006maximum,A maximum entropy approach to Chinese Pin Yin-To-character conversion,"Wang, Xuan and Lu Li and Yao, Lin and Anwar, Waqas",2006,"2006 IEEE International Conference on Systems, Man and Cybernetics",EN-B,zh,algorithms,conversion_recognition_data_or_infrastructure,https://ieeexplore.ieee.org/abstract/document/4274331/,restricted,,SHA-256 matched prior reading record,displayed,2,wang2006maximum-paper-illustration | wang2006maximum-paper-slideshow,2026-09-08,Maximum-entropy modeling converts toneless Pinyin character by character using local and longer-distance phonetic context.,最大熵模型结合局部及较远距离的读音上下文，将无调拼音逐字转换为汉字。,最大エントロピーモデルが近傍と遠方の音韻文脈を使い、声調なし拼音を1文字ずつ漢字へ変換する。,최대 엔트로피 모델이 근거리와 장거리 발음 문맥을 사용하여 무성조 병음을 한 글자씩 한자로 변환한다.
zhou2006improved,Improved Chinese character input by merging speech and handwriting recognition hypotheses,"Zhou, X. and Tian, Y. and Zhou, J. and Soong, F. K. and others",2006,2006 IEEE International Conference on Acoustics Speed and Signal Processing Proceedings,EN-B,zh,algorithms | interaction,joint_model_and_input_system,https://ieeexplore.ieee.org/abstract/document/1660094/,restricted,,SHA-256 matched prior reading record,displayed,3,zhou2006improved-video | zhou2006improved-paper-illustration | zhou2006improved-paper-slideshow,2026-09-08,Speech hypotheses and incremental handwritten strokes jointly rerank Chinese character candidates after each stroke.,语音假设与逐步增加的手写笔画共同作用，每写一笔便重新排列汉字候选。,音声仮説と逐次追加する手書き筆画を併用し、各筆画の後に中国語文字候補を並べ替える。,음성 가설과 순차적으로 추가한 필기 획을 함께 사용하여 매 획 뒤 중국어 문자 후보 순위를 조정한다.
lin2007constructing,Constructing Chinese characters: keypad design for mobile phones,"Lin, Min and Sears, Andrew",2007,Behaviour & Information Technology,EN-B,zh,interaction,input_control_user_or_evaluation_evidence,https://www.tandfonline.com/doi/abs/10.1080/01449290500094333,restricted,,SHA-256 matched prior reading record,displayed,2,lin2007constructing-paper-illustration | lin2007constructing-paper-slideshow,2026-09-08,A simulated stroke keypad tests Chinese character construction; predictive candidates are analyzed retrospectively rather than selected interactively.,模拟笔画键盘用于测试汉字构造，预测候选在事后分析，并非交互选择。,模擬筆画キーパッドで漢字の構成を試す。予測候補は対話的に選ばず、事後に分析する。,모의 획 키패드로 한자 구성을 시험한다. 예측 후보는 대화형으로 선택하지 않고 사후 분석한다.
liu2007chinese,Chinese pinyin phrasal input on mobile phone: usability and developing trends,"Liu, Ying and Wang, Qiqun",2007,Proceedings of the 4th international conference on …,EN-B,zh,interaction,input_control_user_or_evaluation_evidence,https://dl.acm.org/doi/abs/10.1145/1378063.1378151,restricted,,SHA-256 matched prior reading record,displayed,13,liu2007chinese-paper-illustration | liu2007chinese-paper-slideshow,2026-09-08,Mobile Pinyin phrase entry compares direct Chinese candidate selection with an explicit Pinyin-disambiguation stage.,手机拼音词组输入比较直接选择汉字候选与先明确消解拼音歧义的方式。,携帯の拼音句入力で、直接の漢字候補選択と、明示的な拼音曖昧性解消段階を比較する。,모바일 병음 구 입력에서 직접 한자 후보 선택과 명시적인 병음 모호성 해소 단계를 비교한다.
ma2007line,On-line recognition of handwritten Renqun shorthand for fast mobile Chinese text entry,"Ma, Yang and Leedham, Graham",2007,Pattern Recognition Letters,EN-B,zh,algorithms,conversion_recognition_data_or_infrastructure,https://www.sciencedirect.com/science/article/pii/S0167865506003072,restricted,,SHA-256 matched prior reading record,displayed,15,ma2007line-paper-illustration | ma2007line-paper-slideshow,2026-09-08,Handwritten shorthand is recognized into consonant and rhyme interpretations; conversion through Pinyin into Han text remains future work.,手写速记识别产生声母及韵母解释，经拼音转换为汉字仍属于后续工作。,手書き速記を声母・韻母の解釈へ認識する。拼音を介する漢字変換は今後の課題である。,필기 속기를 성모·운모 해석으로 인식한다. 병음을 거쳐 한자로 변환하는 과정은 향후 과제이다.
tung2007key,Key reduction of a Chinese phonetic input method by minimizing message ambiguity,"Tung, C.",2007,Computer Standards and Interfaces,EN-B,zh,interaction,input_control_user_or_evaluation_evidence,https://doi.org/10.1016/j.csi.2007.01.001,reachable,,SHA-256 matched prior reading record,displayed,12,tung2007key-paper-illustration | tung2007key-paper-slideshow,2026-09-08,Zhuyin symbols are mapped to reduced key sets to balance key count and ambiguity in traditional Chinese selection.,将注音符号映射至精简键集，在繁体汉字选择中平衡按键数量与编码歧义。,注音記号を少数のキーへ割り当て、繁体字選択のキー数と曖昧性のバランスを取る。,주음 기호를 적은 수의 키에 배정하여 번체 한자 선택의 키 수와 모호성 간 균형을 맞춘다.
xiao2007exploiting,Exploiting pinyin constraints in pinyin-to-character conversion task: a class-based maximum entropy markov model approach,"Xiao, Jinghui and Liu, Bingquan and Wang, Xiaolong",2007,Computational Linguistics and Chinese Language Processing,EN-B,zh,algorithms,conversion_recognition_data_or_infrastructure,https://aclclp.org.tw/clclp/chi/v12n3/v12n3a6.pdf,pdf_response,https://aclclp.org.tw/clclp/chi/v12n3/v12n3a6.pdf,SHA-256 matched prior reading record,displayed,4,xiao2007exploiting-paper-illustration | xiao2007exploiting-paper-slideshow,2026-09-08,Pinyin context predicts word classes that are combined with transition and emission scores for Chinese sequence decoding.,利用拼音上下文预测词类，再结合转移及发射分数进行中文序列解码。,拼音文脈で品詞を予測し、遷移と出力の得点と組み合わせて中国語文字列を復号する。,병음 문맥으로 품사를 예측하고 전이·방출 점수와 결합하여 중국어 시퀀스를 디코딩한다.
zhou2007segment,A segment-based hidden markov model for real-setting pinyin-to-chinese conversion,"Zhou, Xiaohua and Hu, Xiaohua and Zhang, Xiaodan and Shen, Xiajiong",2007,Proceedings of the sixteenth ACM conference on Conference on information and knowledge management,EN-B,zh,algorithms,conversion_recognition_data_or_infrastructure,https://dl.acm.org/doi/abs/10.1145/1321440.1321602,restricted,,SHA-256 matched prior reading record,displayed,1,zhou2007segment-paper-illustration | zhou2007segment-paper-slideshow,2026-09-08,A segment-based hidden Markov model converts continuous Pinyin into Chinese using lexical and cross-word character probabilities.,基于片段的隐马尔可夫模型结合词汇及跨词字符概率，将连续拼音转换为中文。,区間単位の隠れマルコフモデルが語彙確率と語をまたぐ文字確率を使い、連続拼音を漢字へ変換する。,구간 기반 은닉 마르코프 모델이 어휘 확률과 단어 간 문자 확률을 사용하여 연속 병음을 한자로 변환한다.
jiang2008multimodal,Multimodal Chinese text entry with speech and keypad on mobile devices,"Jiang, Yingying and Wang, Xugang and Tian, Feng and Ao, Xiang and Dai, Guozhong and Wang, Hongan",2008,Proceedings of the 13th international conference on Intelligent user interfaces,EN-B,zh,algorithms | interaction,joint_model_and_input_system,https://dl.acm.org/doi/abs/10.1145/1378773.1378825,restricted,,SHA-256 matched prior reading record,displayed,7,jiang2008multimodal-paper-illustration | jiang2008multimodal-paper-slideshow,2026-09-08,"Speech, keypad initials and word frequency are fused to generate Chinese candidates that the user confirms.",融合语音、键盘声母和词频，生成由用户确认的中文候选。,音声・キーパッドの頭文字・単語頻度を融合し、利用者が確定する中国語候補を生成する。,음성·키패드 첫 글자·단어 빈도를 융합하여 사용자가 확정할 중국어 후보를 생성한다.
lin2008novel,A novel statistical chinese language model and its application in pinyin-to-character conversion,"Lin, Bo and Zhang, Jun",2008,Proceedings of the 17th ACM conference on Information and knowledge management,EN-B,zh,algorithms | interaction,joint_model_and_input_system,https://dl.acm.org/doi/abs/10.1145/1458082.1458318,restricted,,SHA-256 matched prior reading record,displayed,1,lin2008novel-paper-illustration | lin2008novel-paper-slideshow,2026-09-08,A word-distance language model converts Pinyin and supports locating and replacing an erroneous candidate with an additional key action.,词距语言模型用于拼音转换，并支持以额外按键定位和替换错误候选。,単語距離モデルで拼音を変換し、追加キー操作で誤った候補の位置を指定して置換する。,단어 거리 모델로 병음을 변환하고 추가 키 조작으로 잘못된 후보의 위치를 찾아 대체한다.
liu2008rotatxt,RotaTxt: Chinese pinyin input with a rotator,"Liu, Ying and Räihä, Kari-Jouko",2008,Proceedings of the 10th international conference on Human computer interaction with mobile devices and services,EN-A,zh,interaction,input_control_user_or_evaluation_evidence,https://dl.acm.org/doi/abs/10.1145/1409240.1409265,restricted,,SHA-256 matched prior reading record,displayed,12,liu2008rotatxt-paper-illustration | liu2008rotatxt-paper-slideshow,2026-09-08,"A rotator selects Pinyin letters or consonant–final pairs and then Chinese candidates, comparing alphabetic and phonetic ordering.",旋钮先选择拼音字母或声韵母组合，再选择汉字候选，研究比较字母序与语音序排列。,回転装置で拼音字母または声母・韻母の対を選び、続いて漢字候補を選ぶ。字母順と音韻順を比較する。,회전 장치로 병음 글자나 성모–운모 쌍을 선택한 뒤 한자 후보를 고르며 알파벳순과 음성순 배열을 비교한다.
wen2008ambiguity,Ambiguity solution of pinyin segmentation in continuous pinyin-to-character conversion,"Wen, Juan and Wang, Xiaojie and Xu, Wenzhi and Jiang, Huixing",2008,2008 International Conference on Natural Language Processing and Knowledge Engineering,EN-B,zh,algorithms,conversion_recognition_data_or_infrastructure,https://ieeexplore.ieee.org/abstract/document/4906775/,restricted,,SHA-256 matched prior reading record,displayed,0,wen2008ambiguity-paper-illustration | wen2008ambiguity-paper-slideshow,2026-09-08,Matching rules and language-model scores resolve continuous Pinyin syllable boundaries before conversion to Chinese words.,通过匹配规则和语言模型分数消解连续拼音的音节边界，再转换为中文词语。,照合規則と言語モデル得点で連続拼音の音節境界を決めてから、中国語単語へ変換する。,매칭 규칙과 언어 모델 점수로 연속 병음의 음절 경계를 정한 뒤 중국어 단어로 변환한다.
gong2009design,The Design of Input Method for CJK Unified Ideographs Extension B,"Gong, Zheng and Zhang, Rui",2009,2009 First International Conference on Information Science and Engineering,EN-B,other,algorithms | interaction,joint_model_and_input_system,https://ieeexplore.ieee.org/abstract/document/5455500/,restricted,,SHA-256 matched prior reading record,displayed,1,gong2009design-paper-illustration | gong2009design-paper-slideshow,2026-09-08,Unicode Extension B characters are retrieved through stroke sequences or radical-and-shape codes.,通过笔画序列或部首与字形组合编码，检索 Unicode 扩展 B 区汉字。,筆画列または部首・形状コードからUnicode拡張Bの漢字を検索する。,획 시퀀스나 부수·형태 코드로 유니코드 확장 B 한자를 검색한다.
jiang2009artificial,An artificial immune network approach for pinyin-to-character conversion,"Jiang, W. and Pang, X. L.",2009,"2009 IEEE International Conference on Virtual Environments, Human-Computer Interfaces and Measurements Systems",EN-B,zh,algorithms,conversion_recognition_data_or_infrastructure,https://ieeexplore.ieee.org/abstract/document/5068860/,restricted,,SHA-256 matched prior reading record,displayed,9,jiang2009artificial-paper-illustration | jiang2009artificial-paper-slideshow,2026-09-08,"An artificial immune network scores Pinyin-to-Chinese word lattices, combining sequence decoding with error-driven updates.",人工免疫网络对拼音转汉字词格评分，结合序列解码与错误驱动更新。,人工免疫ネットワークが拼音漢字の単語格子を採点し、系列復号と誤りに基づく更新を組み合わせる。,인공 면역 네트워크가 병음–한자 단어 격자에 점수를 부여하고 시퀀스 디코딩과 오류 기반 갱신을 결합한다.
li2009effect,Effect of the number of candidate characters on the performance of Chinese characters input,"Li, Hongting and Sang, Songling and Wang, Zhe and Ge, Liezhong",2009,2009 Second International Symposium on Computational Intelligence and Design,EN-B,zh,interaction,input_control_user_or_evaluation_evidence,https://doi.org/10.1109/iscid.2009.266,reachable,,SHA-256 matched prior reading record,displayed,2,li2009effect-paper-illustration | li2009effect-paper-slideshow,2026-09-08,"The number of displayed Chinese candidates is varied during single-character full-Pinyin input, with target readings supplied.",在提供目标读音的单字全拼输入中，改变显示的汉字候选数量。,読みを提示した単字の全拼音入力で、表示する漢字候補数を変えて比較する。,목표 발음을 제공한 단일 글자 전체 병음 입력에서 표시되는 한자 후보 수를 바꾸어 비교한다.
liu2009chinese,Chinese pinyin-text conversion on segmented text,"Liu, Wei and Guthrie, Louise",2009,"Text, Speech and Dialogue",EN-B,zh,algorithms,conversion_recognition_data_or_infrastructure,https://link.springer.com/chapter/10.1007/978-3-642-04208-9_19,reachable,,SHA-256 matched prior reading record,displayed,3,liu2009chinese-paper-illustration | liu2009chinese-paper-slideshow,2026-09-08,Pinyin generated from already segmented text is converted back to Chinese with word boundaries supplied.,将已分词文本生成的拼音转换回汉字，转换时提供已知词界。,分割済みの文章から生成した拼音を、単語境界を与えた状態で中国語に戻す。,분할된 텍스트에서 생성한 병음을 단어 경계가 주어진 상태에서 중국어로 되돌린다.
liu2009immediate,Immediate user performances with touch Chinese text entry solutions on handheld devices,"Liu, Ying and Ding, Kai and Liu, Ning",2009,Proceedings of the 11th International Conference on Human-Computer Interaction with Mobile Devices and Services,EN-A,zh,interaction,input_control_user_or_evaluation_evidence,https://dl.acm.org/doi/abs/10.1145/1613858.1613928,restricted,,SHA-256 matched prior reading record,displayed,4,liu2009immediate-paper-illustration | liu2009immediate-paper-slideshow,2026-09-08,Four handheld touchscreen methods are compared during Chinese short-message copying.,通过中文短消息抄录任务，比较四种手持触屏输入方式。,中国語の短いメッセージを写す課題で、4種類の携帯タッチ入力方式を比較する。,중국어 짧은 메시지 전사 과제로 네 가지 휴대용 터치 입력 방식을 비교한다.
po2009six,Six-digit stroke-based Chinese input method,"Po, Lai-Man and Wong, Chi-Kwan and Au, Yiu-Ki and Ng, Ka-Ho and Wong, Ka-Man",2009,"2009 IEEE International Conference on Systems, Man and Cybernetics",EN-B,zh,interaction,input_control_user_or_evaluation_evidence,https://ieeexplore.ieee.org/abstract/document/5346930/,restricted,,SHA-256 matched prior reading record,displayed,3,po2009six-paper-illustration | po2009six-paper-slideshow,2026-09-08,"Six-digit codes use the first three and last three strokes of a character, with phrase codes, wildcards and candidate pages.",六位编码使用汉字的前三笔及末三笔，并支持词组编码、通配符及候选翻页。,最初の3画と最後の3画から6桁コードを作り、句コード・ワイルドカード・候補ページを備える。,처음 세 획과 마지막 세 획으로 6자리 코드를 만들며 구 코드·와일드카드·후보 페이지를 지원한다.
ren2009optimal,The optimal size of handwriting character input boxes on PDAs,"Ren, Xiangshi and Zhou, Xiaolei",2009,International Journal of Human-Computer Interaction,EN-A,ja,interaction,input_control_user_or_evaluation_evidence,https://www.tandfonline.com/doi/abs/10.1080/10447310903025511,restricted,,SHA-256 matched prior reading record,displayed,5,ren2009optimal-paper-illustration | ren2009optimal-paper-slideshow,2026-09-08,Input-box sizes are compared for handwritten Japanese and alphanumeric characters; recognition is performed afterward rather than during entry.,比较日文及字母数字手写的输入框尺寸，识别在输入结束后进行，而非实时执行。,日本語と英数字の手書きで入力枠の大きさを比較する。認識は入力中でなく入力後に行う。,일본어와 영숫자 필기에서 입력 상자 크기를 비교한다. 인식은 입력 중이 아니라 입력 후에 수행한다.
tung2009modified,A modified phoneme-based Chinese input method for minimizing conflict code rate,"Tung, C. H.",2009,Computer Standards and Interfaces,EN-B,zh,interaction,input_control_user_or_evaluation_evidence,https://doi.org/10.1016/j.csi.2008.02.005,reachable,,SHA-256 matched prior reading record,displayed,4,tung2009modified-paper-illustration | tung2009modified-paper-slideshow,2026-09-08,Phonetic features of characters and selected radicals form hybrid codes intended to reduce collisions in Chinese input.,组合汉字及选定部首的语音特征，形成旨在减少中文输入重码的混合编码。,文字と一部の部首の音韻特徴を組み合わせ、中国語入力のコード衝突を減らす混合コードを作る。,글자와 일부 부수의 음성 특징을 결합하여 중국어 입력의 코드 충돌을 줄이려는 혼합 코드를 만든다.
wei2009applying,Applying the word acquiring algorithm to the pinyin-to-character conversion,"Wei, Jiang and Li, Pang Xiu",2009,2009 Fifth International Conference on Natural Computation,EN-B,zh,algorithms,conversion_recognition_data_or_infrastructure,https://ieeexplore.ieee.org/abstract/document/5363161/,restricted,,SHA-256 matched prior reading record,displayed,7,wei2009applying-paper-illustration | wei2009applying-paper-slideshow,2026-09-08,"Activity and correlation scores guide Chinese word-lattice decoding, while feedback updates correct and erroneous paths.",利用活动度及相关性分数指导中文词格解码，并通过反馈更新正确与错误路径。,活動度と相関の得点で中国語の単語格子を復号し、フィードバックで正誤の経路を更新する。,활성도와 상관 점수로 중국어 단어 격자를 디코딩하고 피드백으로 올바른 경로와 오류 경로를 갱신한다.
wei2009linux,Linux and minigui oriented chinese input method editor's research and practice,"Wei, Zheng and Wu, Junsheng and Lu, Xiazi and Zhang, Shuming",2009,2009 International Conference on Future Networks,EN-B,zh,algorithms | interaction,joint_model_and_input_system,https://doi.org/10.1109/icfn.2009.62,reachable,,SHA-256 matched prior reading record,displayed,4,wei2009linux-paper-illustration | wei2009linux-paper-slideshow,2026-09-08,"A Linux/MiniGUI engine maps indexed codes to Chinese characters and phrases across Pinyin, shape and stroke schemes.",Linux/MiniGUI 引擎通过索引编码映射汉字及词组，支持拼音、形码和笔画等方案。,Linux/MiniGUIエンジンが拼音・形状・筆画方式の索引コードを中国語の文字や句に対応させる。,Linux/MiniGUI 엔진이 병음·형태·획 방식의 색인 코드를 중국어 문자와 구에 대응시킨다.
yan2009birth,The birth of mobile chinese keypad & hybrid input methods,"Yan, Q.",2009,CHI'09 Extended Abstracts on Human Factors in …,EN-A,zh,interaction,input_control_user_or_evaluation_evidence,https://dl.acm.org/doi/abs/10.1145/1520340.1520370,restricted,,SHA-256 matched prior reading record,displayed,4,yan2009birth-paper-illustration | yan2009birth-paper-slideshow,2026-09-08,"A mobile radical keypad combines spatial grouping, stroke fallback and frequency-ranked Chinese candidates.",手机部件键盘结合空间分组、笔画后备输入及按频率排列的汉字候选。,携帯用部首キーパッドが空間的なグループ分け、筆画入力への切替、頻度順の漢字候補を組み合わせる。,"모바일 부수 키패드가 공간적 그룹화, 획 입력 대안, 빈도순 한자 후보를 결합한다."
li2010prompting,The prompting method of IPTV input method for Chinese with full text search technology,"Li, Xiaofeng and Sun, Feifei and Xie, Liguo and Sun, Mingsong",2010,2010 Seventh International Conference on Fuzzy Systems and Knowledge Discovery,EN-B,zh,algorithms | interaction,joint_model_and_input_system,https://doi.org/10.1109/fskd.2010.5569518,reachable,,SHA-256 matched prior reading record,displayed,3,li2010prompting-paper-illustration | li2010prompting-paper-slideshow,2026-09-08,Numeric remote-control input retrieves Chinese television-search terms using field-specific dictionaries and full-text search.,数字遥控输入结合字段专用词典与全文检索，获取中文电视搜索词。,数字リモコンから分野別辞書と全文検索を使い、中国語のテレビ検索語を取り出す。,숫자 리모컨에서 분야별 사전과 전문 검색으로 중국어 TV 검색어를 찾는다.
liu2010predicting,Predicting Chinese text entry speeds on mobile phones,"Liu, Ying and Räihä, Kari Jouko",2010,Proceedings of the SIGCHI Conference on Human Factors in Computing Systems,EN-A,zh,interaction,input_control_user_or_evaluation_evidence,https://dl.acm.org/doi/abs/10.1145/1753326.1753657,restricted,,SHA-256 matched prior reading record,displayed,8,liu2010predicting-paper-illustration | liu2010predicting-paper-slideshow,2026-09-08,"A model estimates mobile Pinyin entry time using thumb movement and candidate navigation, with prediction enabled or disabled.",模型结合拇指移动及候选导航，估计开启或关闭预测时的手机拼音输入时间。,親指の移動と候補操作から携帯拼音入力時間を推定し、予測機能の有無を扱う。,엄지 이동과 후보 탐색으로 모바일 병음 입력 시간을 추정하며 예측 기능의 활성·비활성 조건을 다룬다.
niu2010stroke,Stroke++: A hybrid chinese input method for touch screen mobile phones,"Niu, Jianwei and Zhu, Like and Yan, Qifeng and Liu, Yingfei and Wang, Kongqiao",2010,Proceedings of the 12th international conference on Human computer interaction with mobile devices and services,EN-B,zh,interaction,input_control_user_or_evaluation_evidence,https://doi.org/10.1145/1851600.1851675,restricted,,SHA-256 matched prior reading record,displayed,1,niu2010stroke-paper-illustration | niu2010stroke-paper-slideshow,2026-09-08,"A touchscreen method combines radicals and strokes, allowing unordered components and Chinese character or phrase selection.",触屏输入法结合部件与笔画，允许无序部件输入，并支持汉字或词组选择。,タッチ入力で部首と筆画を組み合わせ、構成要素の順序を問わず漢字や句を選択できる。,터치 입력에서 부수와 획을 결합하여 구성 요소 순서와 무관하게 한자나 구를 선택한다.
wang2010improvement,Improvement of Chinese Input Method Based on Standard Keyboard,"Wang, Zhongjian and Liu, Honglei and Deng, Yibo and Xu, Jun",2010,2010 Second International Workshop on Education Technology and Computer Science,EN-B,zh,interaction,input_control_user_or_evaluation_evidence,https://ieeexplore.ieee.org/abstract/document/5459954/,restricted,,SHA-256 matched prior reading record,displayed,3,wang2010improvement-paper-illustration | wang2010improvement-paper-slideshow,2026-09-08,Keyboard controls navigate Chinese candidate rows and columns; a second hint area supplies contextual phrases.,键盘控制用于导航汉字候选的行列，另一个提示区域提供上下文词组。,キーボードで中国語候補の行・列を移動し、別のヒント領域に文脈に合う句を表示する。,키보드로 중국어 후보의 행과 열을 탐색하며 별도 힌트 영역에 문맥에 맞는 구를 표시한다.
zhou2010hit,HIT-OR3C: an opening recognition corpus for Chinese characters,"Zhou, Shusen and Chen, Qingcai and Wang, Xiaolong",2010,Proceedings of the 9th IAPR International Workshop on Document Analysis Systems,EN-B,zh,algorithms,conversion_recognition_data_or_infrastructure,https://dl.acm.org/doi/abs/10.1145/1815330.1815359,restricted,,SHA-256 matched prior reading record,displayed,16,zhou2010hit-paper-illustration | zhou2010hit-paper-slideshow,2026-09-08,"A Chinese handwriting corpus records pen trajectories with segmentation, editing gestures and document checking; it does not benchmark recognition output.",中文手写语料记录笔轨迹，并提供分割、编辑手势及文档核查；研究未评测识别输出。,中国語手書きコーパスが筆跡、分割、編集ジェスチャー、文書確認を記録する。認識出力の性能評価ではない。,중국어 필기 코퍼스가 펜 궤적·분할·편집 제스처·문서 검사를 기록한다. 인식 출력의 벤치마크는 수행하지 않는다.
lin2011auxiliary,An auxiliary unicode Han character lookup service based on glyph shape similarity,"Lin, Jeng-Wei and Lin, Feng-Sheng",2011,2011 11th International Symposium on Communications & Information Technologies (ISCIT),EN-B,other,algorithms | interaction,joint_model_and_input_system,https://ieeexplore.ieee.org/abstract/document/6092155/,restricted,,SHA-256 matched prior reading record,displayed,13,lin2011auxiliary-paper-illustration | lin2011auxiliary-paper-slideshow,2026-09-08,"A known, visually similar Han character retrieves ranked rare glyphs with Unicode details through a shape-similarity lookup service.",输入一个已知且外形相近的汉字，即可通过字形相似检索服务获取排序的生僻字及 Unicode 信息。,既知の似た漢字を使い、形状類似検索からUnicode情報付きの希少字形を順位付きで取り出す。,알고 있는 유사한 한자를 사용하여 형태 유사도 검색으로 유니코드 정보가 포함된 희귀 글리프 순위를 얻는다.
liu2011user,User behaviors in related word retrieval and new word detection: A collaborative perspective,"Liu, Zhiyuan and Zheng, Yabin and Xie, Lixing and Sun, Maosong and Ru, Liyun and Zhang, Yang",2011,ACM Transactions on Asian Language Information Processing,EN-B,zh,algorithms,conversion_recognition_data_or_infrastructure,https://doi.org/10.1145/2025384.2025388,restricted,,SHA-256 matched prior reading record,displayed,7,liu2011user-paper-illustration | liu2011user-paper-slideshow,2026-09-08,"User–word relationships and search snippets support related-word retrieval and domain-lexicon expansion, rather than direct conversion evaluation.",用户与词语关系及搜索摘要支持相关词检索和领域词库扩展，研究未直接评估输入转换。,利用者と語の関係、検索抜粋により関連語検索と分野語彙の拡張を支援する。直接の変換評価ではない。,사용자–단어 관계와 검색 발췌문으로 관련 단어 검색과 분야 어휘 확장을 지원하며 직접적인 변환 평가는 하지 않는다.
po2011dynamic,Dynamic candidate keypad for stroke-based Chinese input method on touchscreen devices,"Po, L. M. and Wong, C. K. and Ting, C. W. and Ng, K. H. and Wong, K. M. and Cheung, C. H. and Cheung, K. W.",2011,2011 IEEE Symposium on Computers & Informatics,EN-B,zh,interaction,input_control_user_or_evaluation_evidence,https://ieeexplore.ieee.org/abstract/document/5958900/,restricted,,SHA-256 matched prior reading record,displayed,11,po2011dynamic-paper-illustration | po2011dynamic-paper-slideshow,2026-09-08,Directional gestures select Chinese candidates around a five-stroke touchscreen keypad using first-three/last-three stroke codes.,在五笔画触屏键盘周围，通过方向手势选择采用前三笔与末三笔编码的汉字候选。,最初の3画・最後の3画のコードを使い、5筆画タッチキーの周囲の漢字候補を方向ジェスチャーで選ぶ。,처음 세 획·마지막 세 획 코드를 사용하여 5획 터치 키 주변의 한자 후보를 방향 제스처로 선택한다.
sha2011automatic,Automatic chinese topic term spelling correction in online Pinyin input,"Sha, Sha and Jun, Liu and Qinghua, Zheng and Wei, Zhang",2011,Proceedings of the International Conference on Human-centric Computing 2011 and Embedded and Multimedia Computing 2011,EN-B,zh,algorithms | interaction,joint_model_and_input_system,https://link.springer.com/chapter/10.1007/978-94-007-2105-0_5,reachable,,SHA-256 matched prior reading record,displayed,5,sha2011automatic-paper-illustration | sha2011automatic-paper-slideshow,2026-09-08,Entered Chinese queries are mapped back to Pinyin and matched to topic dictionaries for spelling correction and completion.,将已输入的中文查询映射回拼音，再匹配主题词典，进行拼写纠正与补全。,入力済みの中国語検索語を拼音へ戻し、トピック辞書と照合して綴り修正と補完を行う。,입력된 중국어 검색어를 병음으로 되돌려 주제 사전과 대조하여 철자 교정과 완성을 수행한다.
wong2011chinese,The Chinese Input Challenges for Chinese as Second Language Learners in Computer-Mediated Writing: An Exploratory Study.,"Wong, L. H. and Chai, C. S. and Gao, P.",2011,… Online Journal of Educational Technology-TOJET,EN-B,zh,interaction,input_control_user_or_evaluation_evidence,https://eric.ed.gov/?id=EJ944986,reachable,,SHA-256 matched prior reading record,displayed,10,wong2011chinese-paper-illustration | wong2011chinese-paper-slideshow,2026-09-08,"Second-language learners compose Chinese using freely chosen Pinyin, handwriting and dictionary tools.",汉语二语学习者自由选择拼音、手写及词典工具进行中文写作。,第二言語学習者が拼音・手書き・辞書ツールを自由に選んで中国語の文を作る。,제2언어 학습자가 병음·필기·사전 도구를 자유롭게 선택하여 중국어 글을 작성한다.
zheng2011chime,Chime: An efficient error-tolerant chinese pinyin input method,"Zheng, Yabin and Li, Chen and Sun, Maosong",2011,IJCAI,EN-B,zh,algorithms,conversion_recognition_data_or_infrastructure,https://ics.uci.edu/~chenli/pub/ijcai11-chime.pdf,pdf_response,https://ics.uci.edu/~chenli/pub/ijcai11-chime.pdf,SHA-256 matched prior reading record,displayed,3,zheng2011chime-paper-illustration | zheng2011chime-paper-slideshow,2026-09-08,CHIME repairs word-separated Pinyin chunks within a bounded edit distance before decoding Chinese text.,CHIME 在限定编辑距离内修正按词分隔的拼音片段，再解码为中文文本。,CHIMEは単語ごとに区切った拼音を一定の編集距離内で修正してから、中国語文字列に復号する。,CHIME은 단어별로 구분된 병음을 제한된 편집 거리 안에서 교정한 뒤 중국어 텍스트로 디코딩한다.
zheng2011why,Why press backspace? understanding user input behaviors in chinese pinyin input method,"Zheng, Yabin and Xie, Lixing and Liu, Zhiyuan and Sun, Maosong and Zhang, Yang and Ru, Liyun",2011,Proceedings of the 49th …,EN-A,zh,interaction,input_control_user_or_evaluation_evidence,https://aclanthology.org/P11-2085/,reachable,https://aclanthology.org/P11-2085.pdf,SHA-256 matched prior reading record,displayed,7,zheng2011why-paper-illustration | zheng2011why-paper-slideshow,2026-09-08,"Logs of Pinyin input, committed Chinese and backspaces are analyzed to study input behavior and infer likely correction pairs.",分析拼音输入、已提交汉字及退格日志，以研究输入行为并推断可能的纠错对。,拼音入力、確定済み漢字、後退削除のログから入力行動を調べ、修正前後の対を推定する。,병음 입력·확정 한자·백스페이스 기록을 분석하여 입력 행동을 연구하고 수정 전후 쌍을 추정한다.
zou2011overlapped,Overlapped handwriting input on mobile phones,"Zou, Yanming and Liu, Yingfei and Liu, Ying and Wang, Kongqiao",2011,2011 International Conference on Document Analysis and Recognition,EN-B,zh,interaction,input_control_user_or_evaluation_evidence,https://ieeexplore.ieee.org/abstract/document/6065337/,restricted,,SHA-256 matched prior reading record,displayed,5,zou2011overlapped-paper-illustration | zou2011overlapped-paper-slideshow,2026-09-08,"Overlapping Chinese handwriting uses progressive ink fading on a phone, with final text recognized offline.",手机上的重叠中文手写通过逐步淡化墨迹显示，最终文字在离线条件下识别。,携帯上で重ね書きした中国語のインクを徐々に薄くし、最終文字列はオフラインで認識する。,휴대폰에서 겹쳐 쓴 중국어 잉크를 점차 흐리게 표시하며 최종 텍스트는 오프라인으로 인식한다.
liu2012pinyinpie,PinyinPie: a pie menu augmented soft keyboard for Chinese Pinyin input methods,"Liu, Ying and Chen, Xiantao and Wang, Lingzhi and Zhang, Hequan and Li, Shen",2012,Proceedings of the 14th international conference on Human-computer interaction with mobile devices and services,EN-A,zh,interaction,input_control_user_or_evaluation_evidence,https://dl.acm.org/doi/abs/10.1145/2371574.2371614,restricted,,SHA-256 matched prior reading record,displayed,9,liu2012pinyinpie-paper-illustration | liu2012pinyinpie-paper-slideshow,2026-09-08,"A leading-letter tap opens a pie menu for Pinyin suffix gestures, feeding an existing Chinese IME.",点击首字母后打开饼状菜单，通过手势选择拼音后缀，再交由现有中文输入法处理。,先頭字母のタップで円形メニューを開き、後続の拼音をジェスチャーで指定して既存の中国語IMEへ送る。,첫 글자를 탭하면 파이 메뉴가 열리며 후속 병음을 제스처로 지정하여 기존 중국어 IME에 전달한다.
masui2012enjoying,Enjoying text input with image-enabled ime,"Masui, Toshiyuki",2012,Advances in Computer Entertainment,EN-B,ja,interaction,input_control_user_or_evaluation_evidence,https://doi.org/10.1007/978-3-642-34292-9_21,reachable,,SHA-256 matched prior reading record,displayed,20,masui2012enjoying-paper-illustration | masui2012enjoying-paper-slideshow,2026-09-08,Pronunciation prefixes retrieve mixed Japanese-word and image candidates; cycling and confirmation insert the selected item.,读音前缀检索由日文词语及图片组成的候选，用户循环浏览并确认插入选定项。,読みの接頭部から日本語単語と画像の混在候補を検索し、巡回と確定で選んだ項目を挿入する。,발음 접두부로 일본어 단어와 이미지의 혼합 후보를 검색하고 순환·확정으로 선택 항목을 삽입한다.
suzuki2012unified,A unified approach to transliteration-based text input with online spelling correction,"Suzuki, Hisami and Gao, Jianfeng",2012,… 2012 Joint Conference on Empirical Methods …,EN-A,zh,algorithms,conversion_recognition_data_or_infrastructure,https://aclanthology.org/D12-1056/,reachable,https://aclanthology.org/D12-1056.pdf,SHA-256 matched prior reading record,displayed,2,suzuki2012unified-paper-illustration | suzuki2012unified-paper-slideshow,2026-09-08,Backspace-derived corrections train a joint model of Pinyin spelling repair and Chinese sequence conversion.,利用退格操作提取的纠错数据，训练联合处理拼音拼写修正与中文序列转换的模型。,後退削除から得た修正例で、拼音の綴り修正と漢字系列変換の統合モデルを学習する。,백스페이스에서 얻은 교정 사례로 병음 철자 교정과 한자 시퀀스 변환의 결합 모델을 학습한다.
wang2012approach,An approach for real-time recognition of online Chinese handwritten sentences,"Wang, Da-Han and Liu, Cheng-Lin and Zhou, Xiang-Dong",2012,Pattern Recognition,EN-B,zh,algorithms | interaction,joint_model_and_input_system,https://www.sciencedirect.com/science/article/pii/S0031320312002002,restricted,,SHA-256 matched prior reading record,displayed,13,wang2012approach-paper-illustration | wang2012approach-paper-slideshow,2026-09-08,"Online Chinese sentence handwriting is jointly segmented and recognized, with user gestures for splitting, merging and candidate correction.",在线中文句子手写联合进行分割与识别，用户可通过手势拆分、合并及修正候选。,オンラインの中国語文手書きを分割と認識で共同処理し、ジェスチャーで分割・結合・候補修正を行う。,온라인 중국어 문장 필기를 공동 분할·인식하고 사용자 제스처로 분리·병합·후보 교정을 수행한다.
wang2012improving,Improving mandarin predictive text input by augmenting pinyin initials with speech and tonal information,"Wang, Guangsen and Li, Bo and Liu, Shilin and Wang, Xuancong and Wang, Xiaoxuan and Sim, Khe Chai",2012,Proceedings of the 14th ACM international conference on Multimodal interaction,EN-A,zh,algorithms | interaction,joint_model_and_input_system,https://dl.acm.org/doi/abs/10.1145/2388676.2388791,restricted,,SHA-256 matched prior reading record,displayed,8,wang2012improving-paper-illustration | wang2012improving-paper-slideshow,2026-09-08,"Speech and typed or handwritten Pinyin initials are combined to predict Chinese text, including simulated candidate selection.",结合语音与键入或手写的拼音声母预测中文文本，评估包括模拟候选选择。,音声とキー入力または手書きの拼音頭文字を組み合わせて中国語を予測し、模擬候補選択も扱う。,음성과 타이핑 또는 필기 병음 첫 글자를 결합하여 중국어를 예측하며 모의 후보 선택도 포함한다.
yang2012machine,A machine translation approach for Chinese whole-sentence pinyin-to-character conversion,"Yang, Shaohua and Zhao, Hai and Lu, Bao-liang",2012,Proceedings of the 26th Pacific Asia …,EN-B,zh,algorithms,conversion_recognition_data_or_infrastructure,https://aclanthology.org/Y12-1.pdf#page=352,pdf_response,https://aclanthology.org/Y12-1.pdf#page=352,SHA-256 matched prior reading record,displayed,5,yang2012machine-paper-illustration | yang2012machine-paper-slideshow,2026-09-08,A phrase-based translation model maps aligned Pinyin syllables to Chinese sentences without word reordering.,基于短语的翻译模型将对齐的拼音音节映射为中文句子，不进行词序重排。,句に基づく翻訳モデルが、対応付けた拼音音節を語順変更なしで中国語文へ写像する。,구 기반 번역 모델이 정렬된 병음 음절을 어순 변경 없이 중국어 문장으로 변환한다.
zhu2012design,Design of a Chinese input method on the remote controller based on the embedded system,"Zhu, Miao-miao and Gao, Wan lin and Zhao, Zong-yuan and Jiang, Hong-biao",2012,Procedia Engineering,EN-B,zh,algorithms | interaction,joint_model_and_input_system,https://doi.org/10.1016/j.proeng.2012.01.440,reachable,,SHA-256 matched prior reading record,displayed,3,zhu2012design-paper-illustration | zhu2012design-paper-slideshow,2026-09-08,"An embedded remote-control IME maps numeric keys to Pinyin and Chinese candidates, with paging and frequency adaptation.",嵌入式遥控输入法将数字键映射至拼音和汉字候选，并支持翻页及词频自适应。,組込みリモコンIMEで数字キーを拼音と漢字候補に対応させ、ページ切替と頻度適応を行う。,임베디드 리모컨 IME가 숫자 키를 병음과 한자 후보에 대응시키며 페이지 전환과 빈도 적응을 지원한다.
gao2013user,User experience with Chinese handwriting input on touch-screen mobile phones,"Gao, Qin and Zhu, Bin and Rau, Pei-Luen Patrick and Vyas, Shilpa and Chen, Cuiling and Li, Hui",2013,"Cross-Cultural Design. Methods, Practice, and Case Studies",EN-A,zh,interaction,input_control_user_or_evaluation_evidence,https://link.springer.com/chapter/10.1007/978-3-642-39143-9_43,reachable,,SHA-256 matched prior reading record,displayed,1,gao2013user-paper-illustration | gao2013user-paper-slideshow,2026-09-08,"Mobile handwriting input is studied in contacts and messaging tasks containing Chinese, English, numbers and punctuation.",在包含中文、英文、数字及标点的通讯录与短信任务中研究手机手写输入。,連絡先とメッセージの課題で、中国語・英語・数字・句読点が混在する携帯手書き入力を調べる。,연락처와 메시지 과제로 중국어·영어·숫자·문장 부호가 섞인 모바일 필기 입력을 연구한다.
jia2013kyss,Kyss 1.0: a framework for automatic evaluation of Chinese input method engines,"Jia, Zhongye and Zhao, Hai",2013,Proceedings of the sixth international joint …,EN-B,zh,interaction,input_control_user_or_evaluation_evidence,https://aclanthology.org/I13-1170/,reachable,https://aclanthology.org/I13-1170.pdf,SHA-256 matched prior reading record,displayed,6,jia2013kyss-paper-illustration | jia2013kyss-paper-slideshow,2026-09-08,"KySS evaluates the candidate-selection and paging effort of Chinese IMEs, excluding the fixed cost of typing Pinyin.",KySS 评估中文输入法的候选选择及翻页成本，不计入固定的拼音键入成本。,KySSは拼音入力の固定コストを除き、中国語IMEの候補選択とページ切替の負担を評価する。,KySS는 병음 타이핑의 고정 비용을 제외하고 중국어 IME의 후보 선택과 페이지 전환 부담을 평가한다.
li2013mutual,Using Mutual Information Criterion to Design an Effective Lexicon for Chinese Pinyin-to-Character Conversion,"Li, Wei and Zhang, Jinsong and Xie, Yanlu and Wang, Xiaoyun and Nishida, Masafumi and Yamamoto, Seiichi",2013,2013 International Conference on Asian Language Processing,EN-B,zh,algorithms,conversion_recognition_data_or_infrastructure,https://ieeexplore.ieee.org/abstract/document/6646052/,restricted,,SHA-256 matched prior reading record,displayed,5,li2013mutual-paper-illustration | li2013mutual-paper-slideshow,2026-09-08,"Mutual information selects lexicon units for Pinyin-to-Chinese decoding, including useful collocations beyond conventional words.",互信息用于选择拼音转汉字的词库单元，其中包括传统词语之外的有效搭配。,相互情報量で拼音漢字復号の語彙単位を選び、通常の単語以外の有用な連語も含める。,상호 정보량으로 병음–한자 디코딩의 어휘 단위를 선택하며 일반 단어 외의 유용한 연어도 포함한다.
liu2013investigating,Investigating the factors of practice time and literacy on children's Chinese typing skills,"LIU, Ellen and LIAO, Calvin and Chana, Tak-Wai",2013,International Conference on Computers in Education,EN-B,zh,interaction,input_control_user_or_evaluation_evidence,https://library.apsce.net/index.php/ICCE/article/view/1039,reachable,https://library.apsce.net/index.php/ICCE/article/download/1039/970/1898,SHA-256 matched prior reading record,displayed,4,liu2013investigating-paper-illustration | liu2013investigating-paper-slideshow,2026-09-08,Children practice traditional Chinese entry through Zhuyin; the study examines practice time and literacy in typing performance.,儿童通过注音练习繁体中文输入，研究考察练习时间及识字能力与打字表现的关系。,子どもが注音で繁体字入力を練習し、練習時間と読み書き能力が入力成績にどう関係するかを調べる。,아동이 주음으로 번체 한자 입력을 연습하며 연습 시간과 문해력이 입력 성과에 미치는 관계를 조사한다.
petrovi2013metoda,METODA VNOSA» PET POTEZ «: PREDNOSTI IN TEŽAVE,"Petrovčič, M.",2013,Acta Linguistica Asiatica,EN-B,other,interaction,input_control_user_or_evaluation_evidence,https://journals.uni-lj.si/ala/article/download/2207/1913/#page=37,pdf_response,https://journals.uni-lj.si/ala/article/download/2207/1913/#page=37,SHA-256 matched prior reading record,displayed,0,petrovi2013metoda-paper-illustration | petrovi2013metoda-paper-slideshow,2026-09-08,"Five-stroke numeric input uses the first four and final strokes, comparing Chinese and Japanese forms and regional stroke orders.",五笔画数字输入采用前四笔与末笔，研究比较中文与日文字形及地区笔顺差异。,5種の筆画による数字入力で最初の4画と最終画を使い、中国・日本の字体と地域別筆順を比較する。,5종 획 기반 숫자 입력에 처음 네 획과 마지막 획을 사용하며 중국·일본 글자 형태와 지역별 획순을 비교한다.
po2013radical,Radical-stroke-based Chinese input method using dynamic radical keypad on touchscreen smartphones,"Po, L.",2013,Hkie Transactions Hong Kong Institution of Engineers,EN-B,zh,interaction,input_control_user_or_evaluation_evidence,https://doi.org/10.1080/1023697x.2013.813230,restricted,,SHA-256 matched prior reading record,displayed,3,po2013radical-paper-illustration | po2013radical-paper-slideshow,2026-09-08,"A dynamic touchscreen keypad selects a radical and remaining strokes, then uses directional swipes to choose traditional Chinese candidates.",动态触屏键盘选择部首及剩余笔画，再通过方向滑动选择繁体汉字候选。,動的タッチキーで部首と残りの筆画を選び、方向スワイプで繁体字候補を選択する。,동적 터치 키패드에서 부수와 나머지 획을 고른 뒤 방향 스와이프로 번체 한자 후보를 선택한다.
tan2013china,China's language input system in the digital age affects children's reading development,"Tan, Li Hai and Xu, Min and Chang, Chun Qi and Siok, Wai Ting",2013,Proceedings of the National Academy of Sciences,EN-B,zh,interaction,input_control_user_or_evaluation_evidence,https://www.pnas.org/doi/abs/10.1073/pnas.1213586110,restricted,,SHA-256 matched prior reading record,displayed,3,tan2013china-paper-illustration | tan2013china-paper-slideshow,2026-09-08,Children's reading is related to self-reported Pinyin and handwriting exposure; the study does not assign an input-method intervention.,研究考察儿童阅读与自报拼音、手写接触情况的关系，未安排输入法干预。,子どもの読解と自己申告による拼音・手書き経験の関係を調べる。入力方式の介入を割り当てる研究ではない。,아동의 읽기와 자기보고 병음·필기 경험의 관계를 조사하며 입력 방식 중재를 배정한 연구는 아니다.
tu2013optimal,Optimal entry size of handwritten Chinese characters in touch-based mobile phones,"Tu, H. and Ren, X.",2013,International Journal of Human-Computer Interaction,EN-A,zh,interaction,input_control_user_or_evaluation_evidence,https://www.tandfonline.com/doi/abs/10.1080/10447318.2012.668130,restricted,,SHA-256 matched prior reading record,displayed,13,tu2013optimal-paper-illustration | tu2013optimal-paper-slideshow,2026-09-08,Chinese handwriting is tested across input sizes; unsuccessful recognition requires rewriting until the correct character is obtained.,在不同输入尺寸下测试中文手写，识别失败后需重新书写，直至获得正确汉字。,入力サイズを変えて中国語手書きを試す。認識失敗時は正しい文字が得られるまで書き直す。,입력 크기를 바꾸어 중국어 필기를 시험하며 인식에 실패하면 올바른 글자가 나올 때까지 다시 쓴다.
jia2014joint,A joint graph model for pinyin-to-chinese conversion with typo correction,"Jia, Zhongye and Zhao, Hai",2014,Proceedings of the 52nd Annual Meeting of the Association for Computational Linguistics (Volume 1: Long Papers),EN-A,zh,algorithms,conversion_recognition_data_or_infrastructure,https://aclanthology.org/P14-1142/,reachable,https://aclanthology.org/P14-1142.pdf,SHA-256 matched prior reading record,displayed,12,jia2014joint-video | jia2014joint-keyframes,2026-09-08,"A joint graph combines Pinyin segmentation, typo alternatives and Chinese word probabilities to produce ranked conversion candidates.",联合图结合拼音分割、错拼替代项和中文词概率，生成排序的转换候选。,統合グラフが拼音分割、誤入力の代替、漢字単語確率を組み合わせ、順位付き変換候補を生成する。,결합 그래프가 병음 분할·오타 대안·한자 단어 확률을 통합하여 순위가 매겨진 변환 후보를 생성한다.
niu2014stroke,Stroke++: A new Chinese input method for touch screen mobile phones,"Niu, Jianwei and Liu, Yang and Lin, Jialiu and Zhu, Like and Wang, Kongqiao",2014,International Journal of Human-Computer Studies,EN-A,zh,interaction,input_control_user_or_evaluation_evidence,https://www.sciencedirect.com/science/article/pii/S1071581914000020,restricted,,SHA-256 matched prior reading record,displayed,13,niu2014stroke-paper-illustration | niu2014stroke-paper-slideshow,2026-09-08,"Stroke++ combines radicals and strokes with unordered matching, ranked phrases and phrase-boundary controls on a touchscreen.",Stroke++ 在触屏上结合部首、笔画、无序匹配、排序词组及词组边界控制。,Stroke++はタッチ面で部首と筆画を組み合わせ、順序なし照合、順位付き句、句境界操作を備える。,"Stroke++는 터치면에서 부수와 획을 결합하며 순서 없는 매칭, 순위별 구, 구 경계 제어를 지원한다."
sim2014multimodal,A multimodal stroke-based predictive input for efficient Chinese text entry on mobile devices,"Sim, Khe Chai",2014,2014 IEEE Spoken Language Technology Workshop (SLT),EN-B,zh,algorithms | interaction,joint_model_and_input_system,https://ieeexplore.ieee.org/abstract/document/7078616/,restricted,,SHA-256 matched prior reading record,displayed,6,sim2014multimodal-paper-illustration | sim2014multimodal-paper-slideshow,2026-09-08,"Initial handwritten strokes, a spatial layout and optional speech jointly predict Chinese characters and words.",初始手写笔画、空间布局及可选语音共同预测汉字和词语。,書き始めの筆画、空間配置、任意の音声を併用して漢字と中国語単語を予測する。,"초기 필기 획, 공간 배열, 선택적 음성을 함께 사용하여 한자와 중국어 단어를 예측한다."
yang2014chinese,A Chinese predictive text entry method for mobile devices,"Yang, H. L. and Lin, R. X.",2014,2014 International Conference on Machine Learning and Cybernetics,EN-B,zh,algorithms | interaction,joint_model_and_input_system,https://ieeexplore.ieee.org/abstract/document/7009134/,restricted,,SHA-256 matched prior reading record,displayed,10,yang2014chinese-paper-illustration | yang2014chinese-paper-slideshow,2026-09-08,Previously entered Chinese strings are stored and recombined at shared characters to offer completion paths.,存储已有中文输入，并在共同字符处重新组合，以提供补全路径。,既入力の中国語文字列を保存し、共通文字でつなぎ替えて補完経路を提案する。,이미 입력된 중국어 문자열을 저장하고 공통 글자에서 재결합하여 완성 경로를 제안한다.
anon2015smart,Smart toneless pinyin input method for hakka based on natural language processing,余明興 and 黃豐隆 and 魏俊瑋 and 林昕緯,2015,Proceedings of the 27th Conference on Computational Linguistics and Speech Processing Rocling 2015,EN-B,zh,algorithms | interaction,joint_model_and_input_system,https://aclanthology.org/O15-1004/,reachable,https://aclanthology.org/O15-1004.pdf,SHA-256 matched prior reading record,displayed,0,anon2015smart-paper-illustration | anon2015smart-paper-slideshow,2026-09-08,"Toneless Hakka romanization converts to traditional Han text, with prediction, a custom dictionary and spoken output feedback.",无调客语罗马拼音转换为繁体汉字，并提供预测、自定义词典及语音输出反馈。,声調なしの客家語ローマ字を繁体字へ変換し、予測・個人辞書・音声フィードバックを備える。,무성조 하카어 로마자를 번체 한자로 변환하며 예측·사용자 사전·음성 피드백을 지원한다.
chen2015neural,Neural network language model for Chinese pinyin input method engine,"Chen, Shen-Yuan and Wang, Rui and Zhao, Hai",2015,Proceedings of the 29th Pacific Asia …,EN-B,zh,algorithms,conversion_recognition_data_or_infrastructure,https://aclanthology.org/Y15-1052/,reachable,https://aclanthology.org/Y15-1052.pdf,SHA-256 matched prior reading record,displayed,4,chen2015neural-paper-illustration | chen2015neural-paper-slideshow,2026-09-08,An offline neural model revises n-gram probabilities; runtime Chinese conversion still uses a backoff language model and Viterbi decoding.,离线神经模型修订 N 元概率，运行时的中文转换仍采用回退语言模型与 Viterbi 解码。,オフラインのニューラルモデルでN-gram確率を修正する。実行時の漢字変換はバックオフ言語モデルとViterbi復号を用いる。,오프라인 신경 모델로 N-gram 확률을 수정하며 실행 중 한자 변환에는 백오프 언어 모델과 Viterbi 디코딩을 사용한다.
huang2015input,A New Input Method for Human Translators: Integrating Machine Translation Effectively and Imperceptibly.,"Huang, Guoping and Zhang, Jiajun and Zhou, Yu and Zong, Chengqing",2015,IJCAI,EN-B,zh,algorithms | interaction,joint_model_and_input_system,https://www.ijcai.org/Proceedings/15/Papers/168.pdf,pdf_response,https://www.ijcai.org/Proceedings/15/Papers/168.pdf,SHA-256 matched prior reading record,displayed,6,huang2015input-paper-illustration | huang2015input-paper-slideshow,2026-09-08,Machine-translation hypotheses support Pinyin decoding and next-phrase suggestions while a human translator writes Chinese.,在人类译者输入中文时，机器翻译假设辅助拼音解码及后续短语建议。,人間の翻訳者が中国語を書く際に、機械翻訳の仮説で拼音復号と次の句の提案を支援する。,사람 번역가가 중국어를 작성할 때 기계 번역 가설로 병음 디코딩과 다음 구 제안을 지원한다.
lin2015investigation,Investigation of Chinese text entry performance for mobile display interfaces,"Lin, Po-Hung",2015,Ergonomics,EN-B,zh,interaction,input_control_user_or_evaluation_evidence,https://www.tandfonline.com/doi/abs/10.1080/00140139.2014.961565,restricted,,SHA-256 matched prior reading record,displayed,4,lin2015investigation-paper-illustration | lin2015investigation-paper-slideshow,2026-09-08,"Traditional Chinese Zhuyin entry is compared across physical, touchscreen and combined mobile interfaces.",比较实体键盘、触屏及组合式手机界面上的繁体中文注音输入。,物理キー・タッチ面・両者の組合せによる携帯画面で、繁体字の注音入力を比較する。,물리 키·터치스크린·결합 모바일 인터페이스에서 번체 한자 주음 입력을 비교한다.
gong2016leveraging,Leveraging user's performance in reporting patient safety events by utilizing text prediction in narrative data entry,"Gong, Yang and Hua, Lei and Wang, Shen",2016,Computer Methods and Programs in Biomedicine,EN-B,zh,interaction,input_control_user_or_evaluation_evidence,https://www.sciencedirect.com/science/article/pii/S0169260716303108,restricted,,SHA-256 matched prior reading record,displayed,6,gong2016leveraging-paper-illustration | gong2016leveraging-paper-slideshow,2026-09-08,Case-specific dictionaries and Pinyin retrieval suggest Chinese clinical phrases during patient-safety narrative entry.,通过病例专用词典与拼音检索，在患者安全事件叙述输入中推荐中文临床短语。,患者安全の叙述入力中に、事例別辞書と拼音検索から中国語の臨床表現を提案する。,환자 안전 서술 입력 중 사례별 사전과 병음 검색으로 중국어 임상 표현을 제안한다.
wu2016study,Study on design principle of touch screen with an example of Chinese-Pinyin 10 key input method in iPhone,"Wu, Xiaoli and Xi, Tianyang",2016,Advances in Ergonomics in Design,EN-B,zh,interaction,input_control_user_or_evaluation_evidence,https://link.springer.com/chapter/10.1007/978-3-319-41983-1_58,reachable,,SHA-256 matched prior reading record,displayed,9,wu2016study-paper-illustration | wu2016study-paper-slideshow,2026-09-08,"The study examines layout, color, key states and dimensions of a ten-key Pinyin touchscreen interface.",研究考察十键拼音触屏界面的布局、颜色、按键状态及尺寸。,10キーの拼音タッチ画面について、配置・色・キー状態・寸法を調べる。,10키 병음 터치 인터페이스의 배열·색·키 상태·치수를 연구한다.
xiao2016pinyin,Pinyin-Senses Input Method for Semantic Document Exchange in E-Business,"Xiao, Guangyi and Guo, Jingzhi and Gong, Zhiguo and Li, Renfa",2016,2016 IEEE 13th International Conference on e-Business Engineering (ICEBE),EN-B,zh,algorithms,conversion_recognition_data_or_infrastructure,https://ieeexplore.ieee.org/abstract/document/7809941/,restricted,,SHA-256 matched prior reading record,displayed,4,xiao2016pinyin-paper-illustration | xiao2016pinyin-paper-slideshow,2026-09-08,Pinyin conversion outputs both a Chinese word and a unique sense identifier; the editor can display its definition.,拼音转换同时输出中文词语及唯一词义标识符，编辑器可显示相应释义。,拼音変換が中国語単語と一意の語義IDを同時に出力し、エディターで定義を表示できる。,병음 변환이 중국어 단어와 고유 의미 ID를 함께 출력하며 편집기에서 정의를 표시할 수 있다.
zhu2016word,Word-processor or pencil-and-paper? A comparison of students' writing in Chinese as a foreign language,"Zhu, Yu and Mark Shum, Shiu-Kee and Brian Tse, Shek-Kam and Liu, Jinghui Jack",2016,Computer Assisted Language Learning,EN-B,zh,interaction,input_control_user_or_evaluation_evidence,https://www.tandfonline.com/doi/abs/10.1080/09588221.2014.1000932,restricted,,SHA-256 matched prior reading record,displayed,2,zhu2016word-paper-illustration | zhu2016word-paper-slideshow,2026-09-08,Learners write Chinese essays using Pinyin in a word processor or pencil and paper; the study evaluates composition rather than recognition.,学习者通过文字处理器中的拼音输入或纸笔撰写中文作文，研究评估写作而非识别。,学習者が拼音ワープロまたは紙と鉛筆で中国語作文を行う。評価対象は認識ではなく作文である。,학습자가 병음 워드프로세서나 종이와 연필로 중국어 작문을 하며 인식 대신 작문을 평가한다.
chen2017effect,The effect of pinyin input experience on the link between semantic and phonology of Chinese character in digital writing,"Chen, Jingjun and Luo, Rong and Liu, Huashan",2017,Journal of Psycholinguistic Research,EN-B,zh,interaction,input_control_user_or_evaluation_evidence,https://link.springer.com/article/10.1007/s10936-016-9470-y,reachable,,SHA-256 matched prior reading record,displayed,6,chen2017effect-paper-illustration | chen2017effect-paper-slideshow,2026-09-08,"Recognition judgments examine links between Chinese semantics, phonology and Pinyin experience; no text-entry task is performed.",通过识别判断考察汉字语义、语音与拼音经验的联系，研究未执行文字输入任务。,認識判断課題で中国語の意味・音韻・拼音経験の関係を調べる。文字入力課題は行わない。,인식 판단 과제로 중국어 의미·음운·병음 경험의 관계를 조사하며 텍스트 입력 과제는 수행하지 않는다.
chen2017role,"The role of size of input box, location of input box, input method and display size in Chinese handwriting performance and preference on mobile devices","Chen, Zhe and Rau, Pei-Luen Patrick",2017,Applied Ergonomics,EN-B,zh,interaction,input_control_user_or_evaluation_evidence,https://www.sciencedirect.com/science/article/pii/S0003687016301636,restricted,,SHA-256 matched prior reading record,displayed,1,chen2017role-paper-illustration | chen2017role-paper-slideshow,2026-09-08,"Finger, thumb and stylus input are compared for isolated Chinese handwriting across box positions and display sizes.",比较不同输入框位置及显示尺寸下的手指、拇指和触笔汉字单字手写。,入力枠位置と画面サイズを変え、中国語単字手書きの指・親指・スタイラス入力を比較する。,입력 상자 위치와 화면 크기를 바꾸며 중국어 단일 문자 필기의 손가락·엄지·스타일러스 입력을 비교한다.
huang2017research,Research on the input method of Hakka language for intelligent mobile devices,"Huang, Feng-Long and Liou, Kuei-Sen",2017,2017 International Conference on Machine Learning and Cybernetics (ICMLC),EN-B,zh,algorithms | interaction,joint_model_and_input_system,https://ieeexplore.ieee.org/abstract/document/8108961/,restricted,,SHA-256 matched prior reading record,displayed,6,huang2017research-paper-illustration | huang2017research-paper-slideshow,2026-09-08,Hakka romanization is converted into traditional Han text on mobile devices; speech synthesis supplies output feedback.,在移动设备上将客语罗马拼音转换为繁体汉字，语音合成提供输出反馈。,携帯端末で客家語ローマ字を繁体字へ変換し、音声合成で出力のフィードバックを行う。,모바일 기기에서 하카어 로마자를 번체 한자로 변환하며 음성 합성으로 출력 피드백을 제공한다.
huang2017researchb,Research and implementation of sixian hakka pinyin input method for mobile cell app,"Huang, Feng-Long and Liu, Kuei-Sen and Tseng, Sheng-Yi",2017,Proceedings of the 29th Conference on Computational Linguistics and Speech Processing Rocling 2017,EN-B,zh,algorithms | interaction,joint_model_and_input_system,https://aclanthology.org/O17-1008/,reachable,https://aclanthology.org/O17-1008.pdf,SHA-256 matched prior reading record,displayed,0,huang2017researchb-paper-illustration | huang2017researchb-paper-slideshow,2026-09-08,"A Sixian Hakka mobile IME combines toneless conversion, next-word prediction, personal preferences and spoken feedback.",四县客语手机输入法结合无调转换、后续词预测、个人偏好及语音反馈。,四県客家語の携帯IMEが声調なし変換、次語予測、個人設定、音声フィードバックを組み合わせる。,쓰셴 하카어 모바일 IME가 무성조 변환·다음 단어 예측·개인 설정·음성 피드백을 결합한다.
huang2018chinese,"Chinese Pinyin aided IME, input what you have not keystroked yet","Huang, Yafang and Zhao, Hai",2018,Proceedings of the 2018 Conference on Empirical Methods in Natural Language Processing,EN-A,zh,algorithms,conversion_recognition_data_or_infrastructure,https://aclanthology.org/D18-1321/,reachable,https://aclanthology.org/D18-1321.pdf,SHA-256 matched prior reading record,displayed,3,huang2018chinese-fig2 | huang2018chinese-paper-slideshow,2026-09-08,A neural Pinyin-to-Chinese model uses context to complete text beyond the characters directly represented by the typed prefix.,神经拼音转汉字模型利用上下文，在已输入前缀直接对应的字符之外补全文本。,ニューラル拼音漢字モデルが文脈を使い、入力接頭部で直接指定される文字より先まで補完する。,신경 병음–한자 모델이 문맥으로 입력 접두부가 직접 나타내는 글자 이후의 텍스트까지 완성한다.
huang2018moon,Moon IME: neural-based chinese pinyin aided input method with customizable association,"Huang, Yafang and Li, Zuchao and Zhang, Zhuosheng and Zhao, Hai",2018,"Proceedings of ACL 2018, System Demonstrations",EN-A,zh,algorithms | interaction,joint_model_and_input_system,https://aclanthology.org/P18-4024/,reachable,https://aclanthology.org/P18-4024.pdf,SHA-256 matched prior reading record,displayed,4,huang2018moon-fig2 | huang2018moon-paper-slideshow,2026-09-08,"Moon IME combines neural Pinyin conversion with customizable associations, follow-up prediction and Chinese-to-English assistance.",Moon IME 结合神经拼音转换、自定义关联、后续预测及中译英辅助。,Moon IMEがニューラル拼音変換、設定可能な連想、後続予測、中国語から英語への支援を組み合わせる。,Moon IME가 신경 병음 변환·설정 가능한 연상·후속 예측·중국어–영어 지원을 결합한다.
huang2018research,Research and implementation of Hakka pinyin input method for mobile cell - An example of Taiwan HioLiukAccent,"Huang, F. L.",2018,Proceedings of the 30th Conference on Computational Linguistics and Speech Processing Rocling 2018,EN-B,zh,algorithms | interaction,joint_model_and_input_system,https://aclanthology.org/O18-1015/,reachable,https://aclanthology.org/O18-1015.pdf,SHA-256 matched prior reading record,displayed,0,huang2018research-paper-illustration | huang2018research-paper-slideshow,2026-09-08,"Hakka romanization or Mandarin Zhuyin produces Hakka text; unavailable glyphs are represented by Pinyin, with spoken feedback.",客语罗马拼音或国语注音生成客语文字，无法显示的字形以拼音表示，并提供语音反馈。,客家語ローマ字または標準中国語の注音から客家語文を作る。使えない字形は拼音で表し、音声で確認する。,하카어 로마자나 표준 중국어 주음으로 하카어 텍스트를 만든다. 사용할 수 없는 글리프는 병음으로 표시하며 음성 피드백을 제공한다.
ji2018knowledge,A Knowledge Based Method for Pinyin Typo Correction,"Ji, Xingguang and Huang, Xiaojun",2018,2018 IEEE 9th International Conference on Software Engineering and Service Science (ICSESS),EN-B,zh,algorithms,conversion_recognition_data_or_infrastructure,https://ieeexplore.ieee.org/abstract/document/8663931/,restricted,,SHA-256 matched prior reading record,displayed,5,ji2018knowledge-paper-illustration | ji2018knowledge-paper-slideshow,2026-09-08,Knowledge-based correction handles mistyped or abbreviated Pinyin to recover intended Chinese character sequences.,基于知识的纠错处理误输入或缩略拼音，以恢复目标汉字序列。,知識に基づく修正で誤入力や省略された拼音を扱い、意図された漢字列を復元する。,지식 기반 교정으로 오타나 축약 병음을 처리하여 의도한 한자열을 복원한다.
meng2018smart,A Smart Sliding Chinese Pinyin Input Method Editor for Touchscreen Devices,"Meng, Zhen and Zhao, Hai",2018,"Proceedings of the 2018 International Conference on Algorithms, Computing and Artificial Intelligence",EN-B,zh,algorithms | interaction,joint_model_and_input_system,https://dl.acm.org/doi/abs/10.1145/3302425.3302477,restricted,,SHA-256 matched prior reading record,displayed,3,meng2018smart-paper-illustration | meng2018smart-paper-slideshow,2026-09-08,Sliding traces on an iOS keyboard are sent to a server for Pinyin interpretation and Chinese conversion.,将 iOS 键盘上的滑动轨迹发送至服务器，进行拼音解释与中文转换。,iOSキーボード上のスライド軌跡をサーバーへ送り、拼音の解釈と漢字変換を行う。,iOS 키보드의 슬라이딩 궤적을 서버로 보내 병음을 해석하고 한자로 변환한다.
ruan2018comparing,Comparing speech and keyboard text entry for short messages in two languages on touchscreen phones,"Ruan, Sherry and Wobbrock, Jacob O. and Liou, Kenny and Ng, Andrew and Landay, James A.",2017,"Proceedings of the ACM on Interactive, Mobile, Wearable and Ubiquitous Technologies",EN-B,zh,interaction,input_control_user_or_evaluation_evidence,https://dl.acm.org/doi/abs/10.1145/3161187,restricted,,SHA-256 matched prior reading record,displayed,16,ruan2018comparing-paper-illustration | ruan2018comparing-paper-slideshow,2026-09-08,"Speech and keyboard entry are compared for short English and Mandarin messages, with keyboard repair available after speech recognition.",比较英文及普通话短消息的语音和键盘输入，语音识别后可通过键盘修正。,英語と標準中国語の短文で音声入力とキー入力を比較し、音声認識後にキーボードで修正できる。,영어와 표준 중국어의 짧은 메시지에서 음성과 키보드 입력을 비교하며 음성 인식 후 키보드 교정을 허용한다.
tian2018visor,Using IM-Visor to stop untrusted IME apps from stealing sensitive keystrokes,"Tian, C.",2018,Cybersecurity,EN-B,other,algorithms,conversion_recognition_data_or_infrastructure,https://doi.org/10.1186/s42400-018-0007-6,network_error,,SHA-256 matched prior reading record,displayed,13,tian2018visor-paper-illustration | tian2018visor-paper-slideshow,2026-09-08,IM-Visor shields sensitive keystrokes from third-party Android IMEs. Its evaluated tasks concern Latin input rather than Han conversion.,IM-Visor 防止第三方 Android 输入法获取敏感按键，评估任务涉及拉丁文字输入，而非汉字转换。,IM-VisorはAndroidの第三者IMEから機密キー入力を保護する。評価課題はラテン文字入力であり漢字変換ではない。,IM-Visor는 Android의 제3자 IME로부터 민감한 키 입력을 보호한다. 평가 과제는 라틴 문자 입력이며 한자 변환이 아니다.
yang2019testime,TestIME: A Tool for Testing Chinese Input Method Engines in Electronic Medical Record Entry Task,"Yang, Feihong and Li, Jiao",2019,2019 IEEE International Conference on Healthcare Informatics (ICHI),EN-B,zh,interaction,input_control_user_or_evaluation_evidence,https://ieeexplore.ieee.org/abstract/document/8904549/,restricted,,SHA-256 matched prior reading record,displayed,1,yang2019testime-paper-illustration | yang2019testime-paper-slideshow,2026-09-08,"TestIME compares Chinese input engines during exact transcription of electronic medical records, requiring correction of character differences.",TestIME 在电子病历逐字抄录中比较中文输入引擎，要求修正字符差异。,TestIMEが電子診療記録の正確な転記で中国語入力エンジンを比較し、文字の相違の修正を求める。,TestIME이 전자의무기록의 정확한 전사로 중국어 입력 엔진을 비교하며 문자 차이의 교정을 요구한다.
yao2019enabling,Enabling real-time neural IME with incremental vocabulary selection,"Yao, Jiali and Shu, Raphael and Li, Xinjian and Ohtsuki, Katsutoshi and Nakayama, Hideki",2019,Naacl Hlt 2019 2019 Conference of the North American Chapter of the Association for Computational Linguistics Human Language Technologies Proceedings of the Conference,EN-A,ja,algorithms,conversion_recognition_data_or_infrastructure,https://aclanthology.org/N19-2001/,reachable,https://aclanthology.org/N19-2001.pdf,SHA-256 matched prior reading record,displayed,2,yao2019enabling-fig1 | yao2019enabling-paper-slideshow,2026-09-08,An incremental vocabulary reduces neural decoding cost as Romaji-derived kana is converted into Japanese word-lattice candidates.,将罗马字生成的假名转换为日文词格候选时，通过增量词表降低神经解码开销。,逐次的な語彙制限でニューラル復号のコストを減らし、ローマ字由来の仮名を日本語の語格子候補へ変換する。,점진적 어휘 제한으로 신경 디코딩 비용을 줄이며 로마자에서 나온 가나를 일본어 단어 격자 후보로 변환한다.
yao2019seeime,SeeIME: a Chinese mobile IME for Chinese learners based on hybrid Pinyin code,"Yao, Jian and Shen, Xingfa and Qiu, Jianhui and Wang, Ting",2019,Proceedings of the ACM Turing Celebration Conference - China,EN-B,zh,interaction,input_control_user_or_evaluation_evidence,https://dl.acm.org/doi/abs/10.1145/3321408.3321594,restricted,,SHA-256 matched prior reading record,displayed,12,yao2019seeime-paper-illustration | yao2019seeime-figure-slideshow,2026-09-08,"A learner-oriented mobile IME displays Pinyin, Chinese characters and English together using a hybrid Pinyin code.",面向学习者的手机输入法采用混合拼音编码，同时显示拼音、汉字及英文。,学習者向け携帯IMEが混合拼音コードを使い、拼音・漢字・英語を一緒に表示する。,학습자용 모바일 IME가 혼합 병음 코드를 사용하여 병음·한자·영어를 함께 표시한다.
zhang2019open,Open vocabulary learning for neural Chinese pinyin IME,"Zhang, Zhuosheng and Huang, Yafang and Zhao, Hai",2019,Proceedings of the 57th Annual Meeting of the Association for Computational Linguistics,EN-A,zh,algorithms,conversion_recognition_data_or_infrastructure,https://aclanthology.org/P19-1154/,reachable,https://aclanthology.org/P19-1154.pdf,SHA-256 matched prior reading record,displayed,8,zhang2019open-paper-illustration | zhang2019open-paper-slideshow,2026-09-08,An open-vocabulary neural IME learns new Chinese words during simulated Pinyin conversion on news and historical chat data.,开放词表神经输入法在新闻及历史聊天数据的模拟拼音转换中学习新词。,開語彙ニューラルIMEがニュースと過去のチャットを使う模擬拼音変換中に、新しい中国語単語を学習する。,개방 어휘 신경 IME가 뉴스와 과거 채팅 자료의 모의 병음 변환 중 새로운 중국어 단어를 학습한다.
zhang2019smarthandwriting,SmartHandwriting: Handwritten Chinese character recognition with smartwatch,"Zhang, Jian and Bi, Hongliang and Chen, Yanjiao and Wang, Mingyu and Han, Liming and Cai, Ligan",2020,IEEE Internet of Things Journal,EN-B,zh,algorithms | interaction,joint_model_and_input_system,https://ieeexplore.ieee.org/abstract/document/8869841/,restricted,,SHA-256 matched prior reading record,displayed,8,zhang2019smarthandwriting-paper-illustration | zhang2019smarthandwriting-paper-slideshow,2026-09-08,"A smartwatch senses acceleration and rotation while the user writes Chinese characters on paper, producing recognition labels.",用户在纸上书写汉字时，智能手表感知加速度与转动，并产生识别标签。,紙に漢字を書く際の加速度と回転を腕時計で測り、認識ラベルを生成する。,종이에 한자를 쓰는 동안 스마트워치로 가속도와 회전을 감지하여 인식 라벨을 생성한다.
cao2020evaluation,Evaluation of intelligent speech technology in epidemic prevention: Take iflytek input software in Chinese and Japanese recognition as an example,"Cao, Chen and Wang, Gaowu",2020,Journal of Physics: Conference Series,EN-B,other,interaction,input_control_user_or_evaluation_evidence,https://iopscience.iop.org/article/10.1088/1742-6596/1631/1/012047/meta,restricted,,SHA-256 matched prior reading record,displayed,0,cao2020evaluation-paper-illustration | cao2020evaluation-paper-slideshow,2026-09-08,Chinese and Japanese simulated medical dialogues are dictated into an IME and transcribed into a memo application.,将模拟中文及日文医患对话口述至输入法，再转写到备忘录应用。,中国語と日本語の模擬診療会話をIMEへ口述し、メモアプリに転記する。,중국어와 일본어의 모의 진료 대화를 IME에 구술하여 메모 앱에 전사한다.
ding2020design,Design and development of an EOG-based simplified Chinese eye-writing system,"Ding, XiaoJuan and Lv, Zhao",2020,Biomedical Signal Processing and Control,EN-B,zh,interaction,input_control_user_or_evaluation_evidence,https://www.sciencedirect.com/science/article/pii/S1746809419303489,restricted,,SHA-256 matched prior reading record,displayed,10,ding2020design-paper-illustration | ding2020design-figure-slideshow,2026-09-08,"Eye-writing signals are used to enter a small set of simplified Chinese characters, with calibration and confirm/cancel operations.",眼写信号用于输入少量简体汉字，系统提供校准及确认、取消操作。,眼書き信号から少数の簡体字を入力し、校正と確定・取り消し操作を備える。,눈으로 쓰는 신호로 소수의 간체 한자를 입력하며 보정과 확인·취소를 지원한다.
li2020influence,"The influence of smartphone text input method, posture, and environment on user experience","Li, Ying and You, Fangzhou and Ji, Ming and You, Xuqun",2020,International Journal of Human–Computer Interaction,EN-A,zh,interaction,input_control_user_or_evaluation_evidence,https://www.tandfonline.com/doi/abs/10.1080/10447318.2020.1719465,restricted,,SHA-256 matched prior reading record,displayed,9,li2020influence-paper-illustration | li2020influence-paper-slideshow,2026-09-08,"Phone posture, environment and tapping layout are compared during mixed Chinese and English short-message entry with corrections allowed.",在允许纠错的中英文混合短消息输入中，比较手机姿势、环境及点击键盘布局。,修正可能な中英混在短文の入力で、携帯の持ち方・環境・タップ配列を比較する。,교정을 허용한 중국어·영어 혼합 짧은 메시지 입력에서 휴대폰 자세·환경·탭 배열을 비교한다.
liu2020stroke,Stroke sequence-dependent deep convolutional neural network for online handwritten Chinese character recognition,"Liu, Xin and Hu, Baotian and Chen, Qingcai and Wu, Xiangping and You, Jinghan",2020,IEEE Transactions on Neural Networks and Learning Systems,EN-B,zh,algorithms,conversion_recognition_data_or_infrastructure,https://ieeexplore.ieee.org/abstract/document/8949703/,restricted,,SHA-256 matched prior reading record,displayed,13,liu2020stroke-paper-illustration | liu2020stroke-paper-slideshow,2026-09-08,A stroke-sequence-dependent neural network classifies isolated handwritten Chinese characters; no live candidate or repair interface is tested.,依赖笔画序列的神经网络分类独立手写汉字，未测试实时候选或修正界面。,筆順依存のニューラルネットワークで手書き単字を分類する。実時間の候補や修正画面は試さない。,획 순서 의존 신경망으로 고립된 필기 한자를 분류하며 실시간 후보나 교정 인터페이스는 시험하지 않는다.
yang2020subsequent,A Subsequent Words Recommendation Scheme for Chinese Input Method based on Deep Reinforcement Learning,"Yang, Jingyun and Wang, Hengjun and Guo, Kexiang",2020,2020 IEEE 6th International Conference on Computer and Communications (ICCC),EN-B,zh,algorithms,conversion_recognition_data_or_infrastructure,https://doi.org/10.1109/iccc51575.2020.9344878,reachable,,SHA-256 matched prior reading record,displayed,0,yang2020subsequent-paper-illustration | yang2020subsequent-paper-slideshow,2026-09-08,"Deep reinforcement learning recommends words after an entered Chinese context, without evaluating a specific Pinyin or shape-code interface.",深度强化学习根据已输入的中文上下文推荐后续词，未评估特定拼音或形码界面。,入力済みの中国語文脈から深層強化学習で語を推薦する。特定の拼音・形状コード画面は評価しない。,입력된 중국어 문맥 뒤에 심층 강화학습으로 단어를 추천하며 특정 병음·형태 코드 인터페이스는 평가하지 않는다.
zhang2020user,User preference toward appearance of mobile input method editor based on Kansei engineering,"Zhang, Yun and Cao, Yaqin and Ding, Yi and Zhao, Yujie",2020,"Digital Human Modeling and Applications in Health, Safety, Ergonomics and Risk Management. Human Communication, Organization and Work",EN-B,zh,interaction,input_control_user_or_evaluation_evidence,https://doi.org/10.1007/978-3-030-49907-5_31,reachable,,SHA-256 matched prior reading record,displayed,2,zhang2020user-paper-illustration | zhang2020user-paper-slideshow,2026-09-08,Users rate the appearance of mobile IME skins; the study evaluates visual preference rather than text-entry performance.,用户评价手机输入法皮肤的外观，研究评估视觉偏好，而非文字输入表现。,携帯IMEのスキンの外観を利用者が評価する。文字入力性能ではなく視覚的な好みを扱う。,사용자가 모바일 IME 스킨의 외관을 평가하며 문자 입력 성능 대신 시각적 선호를 다룬다.
zhou2020children,Children's neurodevelopment of reading is affected by China's language input system in the information era,"Zhou, Wei and Kwok, Veronica P. Y. and Su, Mengmeng and Luo, Jin and Tan, Li Hai",2020,npj Science of Learning,EN-B,zh,interaction,input_control_user_or_evaluation_evidence,https://www.nature.com/articles/s41539-020-0062-0,reachable,,SHA-256 matched prior reading record,displayed,5,zhou2020children-paper-illustration | zhou2020children-paper-slideshow,2026-09-08,Reading and character-judgment tasks examine associations with children's Pinyin typing exposure; typing is not performed during scanning.,通过阅读及汉字判断任务考察儿童拼音输入接触情况的关联，扫描期间未进行打字。,読解と文字判断から子どもの拼音入力経験との関連を調べる。スキャン中はタイピングしない。,읽기와 문자 판단 과제로 아동의 병음 입력 경험과의 관계를 조사하며 스캔 중에는 타이핑하지 않는다.
jiang2022adaptive,Adaptive Chinese pinyin IME for most similar representation,"Jiang, Dongsheng and Cheng, Xinyu and Han, Tianyi",2022,IEEE Access,EN-B,zh,algorithms,conversion_recognition_data_or_infrastructure,https://ieeexplore.ieee.org/abstract/document/9933462/,restricted,,SHA-256 matched prior reading record,displayed,8,jiang2022adaptive-paper-illustration | jiang2022adaptive-paper-slideshow,2026-09-08,"Representation similarity adapts Pinyin conversion across news, chat, legal and medical domains in simulated sequential domain shifts.",在模拟的连续领域切换中，通过表征相似性使拼音转换适应新闻、聊天、法律和医疗领域。,表現類似度によりニュース・チャット・法律・医療の拼音変換を適応させ、模擬的な分野の逐次変化で評価する。,표현 유사도로 뉴스·채팅·법률·의료의 병음 변환을 적응시키고 모의 순차적 분야 전환에서 평가한다.
li2022fast,Fast and robust online handwritten Chinese character recognition with deep spatial and contextual information fusion network,"Li, Yunxin and Yang, Qian and Chen, Qingcai and Hu, Baotian and Wang, Xiaolong and Ding, Yuxin and Ma, Lin",2023,IEEE Transactions on Multimedia,EN-B,zh,algorithms,conversion_recognition_data_or_infrastructure,https://ieeexplore.ieee.org/abstract/document/9682541/,restricted,,SHA-256 matched prior reading record,displayed,11,li2022fast-paper-illustration | li2022fast-paper-slideshow,2026-09-08,Spatial and contextual neural features recognize Chinese characters in constructed handwriting sequences derived from existing datasets.,通过空间及上下文神经特征，识别由既有数据集构建的手写序列中的汉字。,既存データセットから構成した手書き列で、空間・文脈のニューラル特徴を用いて漢字を認識する。,기존 데이터셋으로 구성한 필기 시퀀스에서 공간·문맥 신경 특징을 사용하여 한자를 인식한다.
tan2022exploring,Exploring and adapting Chinese GPT to pinyin input method,"Tan, M. and Dai, Y. and Tang, D. and Feng, Z. and Huang, G. and others",2022,Proceedings of the …,EN-A,zh,algorithms,conversion_recognition_data_or_infrastructure,https://aclanthology.org/2022.acl-long.133/,reachable,https://aclanthology.org/2022.acl-long.133.pdf,SHA-256 matched prior reading record,displayed,3,tan2022exploring-fig3 | tan2022exploring-conference-video | tan2022exploring-paper-slideshow,2026-09-08,PinyinGPT adapts Chinese generation to complete or abbreviated Pinyin with context; mixed forms and typo repair are not implemented.,PinyinGPT 使中文生成适应带上下文的全拼或缩写拼音，未实现混合形式及错拼修复。,PinyinGPTが文脈付きの全拼音または省略拼音へ中国語生成を適応させる。混合形式と誤入力修正は未実装である。,PinyinGPT가 문맥이 있는 전체 또는 축약 병음에 중국어 생성을 적응시킨다. 혼합 형태와 오타 교정은 구현되지 않았다.
xiong2022pinyin,Pinyin-to-Chinese conversion on sentence-level for domain-specific applications using self-attention model,"Xiong, Shufeng and Ma, Li and Cheng, Ming and Wang, Bingkun",2022,Multimedia Systems,EN-B,zh,algorithms,conversion_recognition_data_or_infrastructure,https://link.springer.com/article/10.1007/s00530-021-00829-y,reachable,,SHA-256 matched prior reading record,displayed,6,xiong2022pinyin-paper-illustration | xiong2022pinyin-paper-slideshow,2026-09-08,"Self-attention converts sentence-level Pinyin to Chinese in news and medical domains, evaluated with idealized character edits.",自注意力将新闻及医疗领域的句级拼音转换为中文，并使用理想化字符编辑条件评估。,自己注意で文単位の拼音をニュース・医療分野の中国語へ変換し、理想化した文字編集で評価する。,자기 주의로 문장 단위 병음을 뉴스·의료 분야 중국어로 변환하며 이상화된 문자 편집으로 평가한다.
li2023less,Using less keystrokes to achieve high top-1 accuracy in Chinese clinical text entry,"Li, Tao and Yu, Lei and Zhou, Liang and Wang, Panzhang",2023,DIGITAL HEALTH,EN-B,zh,interaction,input_control_user_or_evaluation_evidence,https://journals.sagepub.com/doi/abs/10.1177/20552076231179027,restricted,,SHA-256 matched prior reading record,displayed,5,li2023less-paper-illustration | li2023less-paper-slideshow,2026-09-08,"A clinical suggestion tool offers Chinese medical text alongside the existing IME, with separate keys for accepting each source's candidates.",临床建议工具在既有输入法旁提供中文医疗文本，并用不同按键接受各来源的候选。,臨床提案ツールが既存IMEと並んで中国語医療文を提案し、それぞれの候補を別のキーで受け入れる。,임상 제안 도구가 기존 IME와 함께 중국어 의료 텍스트를 제안하며 각 출처의 후보를 서로 다른 키로 수락한다.
luo2023internet,Internet use predicts Chinese character spelling performance of junior high school students: multiple mediating roles of pinyin input proficiency and net-speak …,"Luo, Rong and Peng, Yifan and Chen, Jingjun",2023,Frontiers in Psychology,EN-B,zh,interaction,input_control_user_or_evaluation_evidence,https://www.frontiersin.org/journals/psychology/articles/10.3389/fpsyg.2023.1153763/full,reachable,https://www.frontiersin.org/journals/psychology/articles/10.3389/fpsyg.2023.1153763/pdf,SHA-256 matched prior reading record,displayed,1,luo2023internet-paper-illustration | luo2023internet-paper-slideshow,2026-09-08,"Survey measures of internet use and Pinyin proficiency are related to Chinese spelling tests, rather than measured typing speed.",将互联网使用及拼音熟练度的问卷指标与汉字拼写测试联系起来，未实测打字速度。,インターネット利用と拼音習熟の質問紙指標を中国語の綴り課題と関連付ける。実測入力速度は扱わない。,인터넷 사용과 병음 숙련도 설문 지표를 중국어 철자 검사와 연결하며 실제 타이핑 속도는 측정하지 않는다.
ding2024generative,Generative input: towards next-generation input methods paradigm,"Ding, Keyu and Wang, Yongcan and Xu, Zihang and Jia, Zhenzhen and Chen, Enhong",2024,Findings of the Association for Computational Linguistics ACL 2024,EN-A,zh,algorithms,conversion_recognition_data_or_infrastructure,https://aclanthology.org/2024.findings-acl.218/,reachable,https://aclanthology.org/2024.findings-acl.218.pdf,SHA-256 matched prior reading record,displayed,4,ding2024generative-fig1 | ding2024generative-paper-slideshow,2026-09-08,"GeneInput unifies full, abbreviated and mistyped Pinyin conversion with continuation and rewriting in a generative input framework.",GeneInput 在生成式输入框架中统一全拼、缩写和错拼转换，并支持续写及改写。,GeneInputが全拼音・省略・誤入力の変換と文章継続・書換えを生成型入力の枠組みに統合する。,GeneInput이 전체·축약·오타 병음 변환과 이어 쓰기·재작성을 생성형 입력 체계에 통합한다.
guo2024optimization,CN-T9: Optimization of T9 Chinese Input Layout,"Guo, Yikai and He, Jixiao and Bai, Rongtian and Wu, Zhengyang and Huang, Yuhang",2024,26th International Conference on Mobile Human-Computer Interaction,EN-A,zh,interaction,input_control_user_or_evaluation_evidence,https://doi.org/10.1145/3640471.3680458,restricted,,SHA-256 matched prior reading record,displayed,6,guo2024optimization-paper-illustration | guo2024optimization-figure-slideshow,2026-09-08,CN-T9 rearranges a numeric Pinyin keyboard to improve Chinese input layout; product implementation is discussed as future work.,CN-T9 重排数字拼音键盘以改进中文输入布局，产品实现属于后续工作。,CN-T9が数字拼音キーボードを再配置して中国語入力の配列を改善する。製品実装は今後の課題である。,CN-T9가 숫자 병음 키보드를 재배열하여 중국어 입력 배열을 개선한다. 제품 구현은 향후 과제로 논의한다.
knockel2024silent,The Not-So-Silent Type: Vulnerabilities in Chinese IME Keyboards’ Network Security Protocols,"Knockel, Jeffrey and Wang, Mona and Reichert, Zoë",2024,Proceedings of the 2024 on ACM SIGSAC Conference on Computer and Communications Security,EN-B,zh,algorithms,conversion_recognition_data_or_infrastructure,https://doi.org/10.1145/3658644.3690302,restricted,,SHA-256 matched prior reading record,displayed,11,knockel2024silent-paper-illustration | knockel2024silent-paper-slideshow,2026-09-08,"Network-security testing examines cloud Pinyin traffic in Chinese IMEs, rather than conversion accuracy or typing speed.",网络安全测试考察中文输入法的云拼音通信，而非转换准确率或输入速度。,ネットワークセキュリティ検査で中国語IMEのクラウド拼音通信を調べる。変換精度や入力速度の評価ではない。,네트워크 보안 시험으로 중국어 IME의 클라우드 병음 트래픽을 조사하며 변환 정확도나 타이핑 속도를 평가하지 않는다.
sun2024exploring,Exploring Conditional Variational Mechanism to Pinyin Input Method for Addressing One-to-Many Mappings in Low-Resource Scenarios,"Sun, Bin and Li, Jianfeng and Zhou, Hao and Meng, Fandong and Li, Kan and Zhou, Jie",2024,Proceedings of the 62nd Annual Meeting of the Association for Computational Linguistics (Volume 2: Short Papers),EN-A,zh,algorithms,conversion_recognition_data_or_infrastructure,https://aclanthology.org/2024.acl-short.56/,reachable,https://aclanthology.org/2024.acl-short.56.pdf,SHA-256 matched prior reading record,displayed,7,sun2024exploring-fig1 | sun2024exploring-video | sun2024exploring-keyframes,2026-09-08,A conditional variational Transformer models multiple Chinese outputs for ambiguous nine-key and twenty-six-key Pinyin input.,条件变分 Transformer 针对九键及二十六键拼音输入的歧义，建模多个可能的中文输出。,条件付き変分Transformerが、曖昧な9キー・26キー拼音入力に対する複数の中国語出力をモデル化する。,조건부 변분 Transformer가 모호한 9키·26키 병음 입력에 대한 여러 중국어 출력을 모델링한다.
chen2025investigating,Investigating context-aware collaborative text entry on smartphones using large language models,"Chen, Weihao and Shi, Yuanchun and Wang, Yukun and Shi, Weinan and Chen, Meizhu and Gao, Cheng and Mei, Yu and Zhu, Yeshuang and Zhang, Jinchao and Yu, Chun",2025,Proceedings of the 2025 CHI Conference on Human Factors in Computing Systems,EN-A,zh,algorithms | interaction,joint_model_and_input_system,https://dl.acm.org/doi/abs/10.1145/3706598.3713944,restricted,,SHA-256 matched prior reading record,displayed,7,chen2025investigating-fig2 | chen2025investigating-paper-slideshow,2026-09-08,"CATIA uses recent screen context to suggest Chinese intentions and text; users revise, regenerate and insert suggestions into their apps.",CATIA 利用近期屏幕上下文推荐中文意图及文本，用户可修改、重新生成并插入应用。,CATIAが直近の画面文脈から中国語の意図と文を提案し、利用者が修正・再生成してアプリへ挿入する。,CATIA가 최근 화면 문맥으로 중국어 의도와 텍스트를 제안하며 사용자가 수정·재생성하여 앱에 삽입한다.
peng2025enhancing,Enhancing GPT-Based Input Method with Domain-Adaptive Pinyin Encoder (s),"Peng, Wenyao and Shi, Xiaodong",2026,Natural Language Processing and Chinese Computing,EN-B,zh,algorithms,conversion_recognition_data_or_infrastructure,https://link.springer.com/chapter/10.1007/978-981-95-3346-6_16,network_error,,SHA-256 matched prior reading record,displayed,3,peng2025enhancing-paper-illustration | peng2025enhancing-paper-slideshow,2026-09-08,"Pinyin encoders condition GPT-based Chinese conversion on correctly segmented, clean Pinyin, with constrained character decoding.",拼音编码器以正确分词、无错拼的拼音为条件，通过受约束字符解码辅助 GPT 中文转换。,拼音エンコーダーが正しく分割された誤りのない拼音でGPT漢字変換を条件付け、文字復号を制約する。,병음 인코더가 올바르게 분할된 오류 없는 병음으로 GPT 한자 변환을 조건화하며 문자 디코딩을 제약한다.
zhang2026tone,A tone-assisted Chinese silent speech input method for virtual reality,"Zhang, Xinyu and Shan, Xinyuan and Zhou, Yang and Chen, Zihong and Tan, Peng and Xing, Youlu and Bin, Luo and Pan, Zhigeng and Feng, Guihuan",2026,International Journal of Human–Computer Interaction,EN-A,zh,algorithms | interaction,joint_model_and_input_system,https://www.tandfonline.com/doi/abs/10.1080/10447318.2025.2537784,restricted,,SHA-256 matched prior reading record,displayed,21,zhang2026tone-paper-illustration | zhang2026tone-figure-slideshow,2026-09-08,Silent lip movements and touchpad tone gestures are fused in VR to generate Mandarin Han text without acoustic speech input.,在 VR 中融合无声唇动与触控板声调手势，生成普通话汉字文本，无需声学语音输入。,VRで無音の唇運動とタッチパッドの声調ジェスチャーを融合し、音声入力なしで標準中国語の漢字列を生成する。,VR에서 무음 입술 움직임과 터치패드 성조 제스처를 융합하여 음향 음성 입력 없이 표준 중국어 한자 텍스트를 생성한다.
